LastName,FirstName,Gender,Country,Date,Competition,Round,Location,Rank,D_Score,E_Score,Penalty,Score,BB_score,BB_num_of_samples,FX_score,FX_num_of_samples,UB_score,UB_num_of_samples,VT_score,VT_num_of_samples
elpitiya,,w,SRI,"29 Jul-2 Aug, 2023",BIRMINGHAM 2022 Commonwealth Games,AAfinal,"Birmingham, England",17.0,4.7,5.85,,10.525,10.55,1,,0,10.5,1,,0
meadow,abby,w,GBR,24-27 Mar 2022,2022 British Gymnastics Championships,qual,"Liverpool, England",61.0,4.1,4.7,0.0,9.05,8.8,1,10.65,1,4.95,1,11.8,1
o,aberdeen,w,BEL,11-16 Apr 2023,2023 Senior European Championships,qual,"Antalya, Turkey",15.0,5.0,7.833,,12.983,,0,12.833,1,,0,13.133,1
o'driscol,aberdeen,w,BEL,17-19 Mar 2023,EnBW DTB Pokal Team Challenge 2023,qual,"Stuttgart, Germany",40.0,4.0,6.1,,8.975,10.1,1,12.85,1,,0,6.475,2
roper,abigail,w,GBR,24-27 Mar 2022,2022 British Gymnastics Championships,qual,"Liverpool, England",22.0,4.7,6.65,0.0,11.970833333333333,11.524999999999999,2,11.575,2,10.725,2,12.666666666666666,6
hautala,ada,w,FIN,29 Oct 2022 - 6 Nov 2022,2022 51st FIG Artistic Gymnastics World Championships,qual,"Liverpool, England",74.0,5.0,6.566,,11.895266666666666,10.624749999999999,4,12.383,4,12.02475,4,12.766333333333334,3
balcova,adela,w,SVK,11-14 Aug 2022,2022 Senior European Championships,qual,"Munich, Germany",76.0,3.5,7.6,,10.8864,10.433,1,10.666,1,10.6665,2,12.0,1
siikala,adeliina,w,FIN,1-4 Jun 2023,2023 Tel Aviv Challenge Cup,qual,"Tel Aviv, Israel",15.0,4.3,6.5,,11.314285714285717,10.8,1,11.133,1,6.533,1,12.6835,4
vostruchovaite,agata,w,LTU,23-26 Feb 2023,FIG Apparatus World Cup 2023,qual,"Cottbus, Germany",41.0,4.0,5.466,0.1,12.196,9.366,1,,0,,0,12.54975,8
suto,agnes,w,ISL,11-14 Aug 2022,2022 Senior European Championships,qual,"Munich, Germany",118.0,3.8,4.133,,10.674625,9.1495,2,11.433,2,9.8165,2,12.2995,2
sandoval,ahtziri,w,MEX,29 Oct 2022 - 6 Nov 2022,2022 51st FIG Artistic Gymnastics World Championships,qual,"Liverpool, England",118.0,4.9,5.6,,12.693200000000001,10.5,1,12.1415,2,12.95,2,13.249800000000002,5
bauyrzhanova,aida,w,KAZ,29 Oct 2022 - 6 Nov 2022,2022 51st FIG Artistic Gymnastics World Championships,qual,"Liverpool, England",97.0,4.9,6.166,,11.88785714285714,12.133,4,12.239799999999999,5,11.23325,4,11.766,1
zhu,aiyu,w,GER,1-5 Aug 2023,2023 FISH World University Games,AAfinal,"Chengdu, China",11.0,4.8,6.833,,11.911249999999999,11.3995,2,11.483,2,11.815999999999999,2,12.9465,2
perea,alais,w,ECU,29 Oct 2022 - 6 Nov 2022,2022 51st FIG Artistic Gymnastics World Championships,qual,"Liverpool, England",80.0,4.2,7.2,,11.691500000000001,11.4,1,11.8,1,10.9,1,12.666,1
petisco,alba,w,ESP,11-14 Aug 2022,2022 Senior European Championships,final,"Munich, Germany",6.0,5.5,6.9,,12.80116,12.518857142857144,7,12.8055,6,12.99975,4,12.945625,8
grande,alexa,w,ESA,24-28 Jun 2023,2023 Central American and Caribbean Games,AAfinal,"San Salvador, El Salvador",5.0,4.4,7.35,,11.718181818181817,11.666666666666666,3,11.9,2,10.275,2,12.3875,4
moreno,alexa,w,MEX,24-28 Jun 2023,2023 Central American and Caribbean Games,AAfinal,"San Salvador, El Salvador",15.0,4.7,6.3,0.1,12.775,11.533333333333333,3,13.183333333333335,3,12.425,2,13.575,4
emeinidou,alexandra,w,GRE,9-12 Mar 2023,World Cup,qual,"Baku, Azerbaijan",28.0,4.1,7.266,,11.444,,0,11.366,1,,0,11.483,2
leat,alia,w,GBR,24-27 Mar 2022,2022 British Gymnastics Championships,qual,"Liverpool, England",21.0,5.4,6.0,0.0,11.6125,11.4,1,11.4,1,10.45,1,13.2,1
d,alice,w,ITA,29 Oct 2022 - 6 Nov 2022,2022 51st FIG Artistic Gymnastics World Championships,AAfinal,"Liverpool, England",12.0,5.3,7.233,,13.763441176470588,12.7998,5,13.369363636363635,11,14.394166666666669,12,14.027499999999998,6
francoy,alice,w,BEL,27-30 Apr 2023,World Cup,qual,"Cairo, Egypt",25.0,4.5,6.9,0.3,11.133,,0,11.1,1,11.166,1,,0
kinsella,alice,w,GBR,29 Oct 2022 - 6 Nov 2022,2022 51st FIG Artistic Gymnastics World Championships,AAfinal,"Liverpool, England",6.0,5.8,7.4,0.1,13.3505,12.90281818181818,11,13.283076923076923,13,13.54,12,13.791375,8
vlkova,alice,w,CZE,11-16 Apr 2023,2023 Senior European Championships,AAfinal,"Antalya, Turkey",24.0,4.8,4.633,,12.233076923076924,10.483,2,12.388666666666667,3,11.833,2,12.872,6
friess,aline,w,FRA,29 Oct 2022 - 6 Nov 2022,2022 51st FIG Artistic Gymnastics World Championships,AAfinal,"Liverpool, England",21.0,5.1,6.366,,12.944166666666668,11.966,3,12.9,3,12.826400000000001,5,13.466428571428574,7
moerz,alissa,w,AUT,29 Oct 2022 - 6 Nov 2022,2022 51st FIG Artistic Gymnastics World Championships,qual,"Liverpool, England",94.0,3.9,7.2,,11.752999999999998,11.1,1,11.766,1,11.966333333333333,3,,0
eriksson,alva,w,SWE,29 Oct 2022 - 6 Nov 2022,2022 51st FIG Artistic Gymnastics World Championships,qual,"Liverpool, England",124.0,4.6,5.7,,11.633,10.783000000000001,2,12.1,2,11.983,2,11.666,2
ghigoarta,amalia,w,ROU,11-16 Apr 2023,2023 Senior European Championships,AAfinal,"Antalya, Turkey",10.0,5.4,7.5,,12.47011111111111,12.977666666666666,3,12.566500000000001,2,11.016,2,13.0665,2
dalene,amalie,w,NOR,9-12 Mar 2023,World Cup,qual,"Baku, Azerbaijan",,4.4,7.466,0.3,11.566,,0,,0,,0,11.566,1
edwards,amanda,w,AUS,1-5 Aug 2023,2023 FISH World University Games,AAfinal,"Chengdu, China",7.0,4.5,7.8,,11.698875000000001,11.9165,2,11.9995,2,10.833,2,12.0465,2
kalukottage,amaya,w,SRI,29 Jul-2 Aug 2022,BIRMINGHAM 2022 Commonwealth Games,qual,"Birmingham, England",37.0,2.3,6.25,,8.920285714285713,9.225000000000001,2,9.008,2,7.408,2,11.16,1
hariadi,ameera,w,INA,9-12 Mar 2023,World Cup,qual,"Baku, Azerbaijan",38.0,4.4,5.966,,11.4496,10.6995,2,11.299499999999998,2,11.5,2,11.874500000000001,4
attwood,amelie,w,GBR,24-27 Mar 2022,2022 British Gymnastics Championships,qual,"Liverpool, England",36.0,4.7,5.85,0.0,10.987499999999999,10.55,1,11.35,1,10.2,1,11.85,1
pfeil,amelie,w,GE2,17-19 Mar 2023,EnBW DTB Pokal Team Challenge 2023,qual,"Stuttgart, Germany",37.0,3.9,7.1,,8.875,,0,11.0,1,12.05,1,6.225,2
every,amika,w,ARU,24-28 Jun 2023,2023 Central American and Caribbean Games,qual,"San Salvador, El Salvador",31.0,4.0,5.6,,9.575,9.6,1,6.725,2,9.8,1,12.3,2
khalimarden,amina,w,KAZ,9-12 Mar 2023,World Cup,qual,"Baku, Azerbaijan",46.0,4.4,5.066,,10.92475,9.466,1,,0,10.0,1,12.116499999999998,2
barbosu,ana,w,ROU,29 Oct 2022 - 6 Nov 2022,2022 51st FIG Artistic Gymnastics World Championships,AAfinal,"Liverpool, England",10.0,5.6,7.133,,12.907,12.6775,6,12.885428571428571,7,13.286399999999997,5,12.8332,5
derek,ana,w,CRO,11-14 Aug 2022,2022 Senior European Championships,qual,"Munich, Germany",20.0,5.4,7.266,,12.716000000000001,12.666,1,12.766,1,,0,,0
lima,ana,w,,8-11 Jun 2023,2023 Osijek Challenge Cup,qual,"Osijek, Croatia.",22.0,5.1,5.7,,10.8,10.8,1,,0,,0,,0
mendez,ana,w,PER,29 Oct 2022 - 6 Nov 2022,2022 51st FIG Artistic Gymnastics World Championships,qual,"Liverpool, England",136.0,4.5,5.366,0.1,11.49125,9.766,1,11.633,1,12.266,1,12.3,1
perez,ana,w,ESP,11-16 Apr 2023,2023 Senior European Championships,qual,"Antalya, Turkey",13.0,5.1,7.633,,12.638666666666667,12.911000000000001,3,12.166,1,12.4665,2,,0
ananjeva,anastasija,w,LAT,11-14 Aug 2022,2022 Senior European Championships,qual,"Munich, Germany",117.0,4.7,3.533,,10.819799999999999,9.4665,2,11.3,2,9.366499999999998,2,11.983,4
jaukovic,andela,w,SRB,25-28 May 2023,2023 Varna World Challenge Cup Results,qual,"Varna, Bulgaria",21.0,4.2,5.6,0.0,9.8,,0,9.8,1,,0,,0
preda,andreea,w,ROU,29 Oct 2022 - 6 Nov 2022,2022 51st FIG Artistic Gymnastics World Championships,qual,"Liverpool, England",52.0,4.9,7.066,,12.159699999999999,12.177333333333332,3,12.299666666666667,3,11.383,2,12.7,2
turiski,andy,w,ISR,11-14 Aug 2022,2022 Senior European Championships,qual,"Munich, Germany",80.0,4.5,6.433,,11.055444444444444,9.9,1,10.55,2,9.783,2,12.233249999999998,4
rodriguez,anelena,w,CRC,24-28 Jun 2023,2023 Central American and Caribbean Games,qual,"San Salvador, El Salvador",14.0,4.0,7.15,,11.7625,11.15,1,11.35,1,12.05,1,12.5,1
holasova,aneta,w,CZE,29 Oct 2022 - 6 Nov 2022,2022 51st FIG Artistic Gymnastics World Championships,qual,"Liverpool, England",95.0,5.3,5.8,,12.120625,10.9665,2,12.583,2,12.083,2,12.850000000000001,2
andreoli,angela,w,ITA,11-14 Aug 2022,2022 Senior European Championships,qual,"Munich, Germany",21.0,6.1,6.566,,13.02875,12.666,1,13.499666666666664,3,,0,12.76625,4
mesa,angelica,w,COL,24-28 Jun 2023,2023 Central American and Caribbean Games,qual,"San Salvador, El Salvador",22.0,3.7,6.8,,11.4,10.5,1,11.8,1,11.25,1,11.725,2
ponce,angelissa,w,CUB,24-28 Jun 2023,2023 Central American and Caribbean Games,qual,"San Salvador, El Salvador",29.0,4.3,5.65,,11.200000000000001,9.95,1,11.9,1,,0,11.75,1
gobadze,ani,w,GEO,11-14 Aug 2022,2022 Senior European Championships,qual,"Munich, Germany",99.0,4.3,5.833,0.1,10.259500000000001,9.766333333333334,3,10.288333333333334,3,9.4495,2,11.766,2
wildi,anina,w,SUI,29 Oct 2022 - 6 Nov 2022,2022 51st FIG Artistic Gymnastics World Championships,qual,"Liverpool, England",112.0,4.9,5.8,,11.796111111111111,9.899999999999999,2,12.3995,2,12.0665,2,12.477666666666666,3
bridge,anna,w,GBR,24-27 Mar 2022,2022 British Gymnastics Championships,qual,"Liverpool, England",66.0,4.0,2.75,0.0,9.6375,6.75,1,10.15,1,9.8,1,11.85,1
gemza,anna,w,POL,11-16 Apr 2023,2023 Senior European Championships,qual,"Antalya, Turkey",89.0,4.1,5.9,,10.388666666666666,10.0,1,9.7,1,11.466,1,,0
koenig,anna,w,GER,29 Oct 2022 - 6 Nov 2022,2022 51st FIG Artistic Gymnastics World Championships,qual,"Liverpool, England",55.0,4.6,7.333,,12.596,11.8165,2,12.87475,4,12.066,1,13.083,2
lashchevska,anna,w,UKR,11-16 Apr 2023,2023 Senior European Championships,qual,"Antalya, Turkey",53.0,5.7,5.633,0.1,12.4913125,12.537714285714285,7,11.666,2,12.671999999999999,6,12.733,1
locmele,anna,w,LAT,11-14 Aug 2022,2022 Senior European Championships,qual,"Munich, Germany",114.0,4.4,4.6,,9.07475,9.0,1,9.466,1,6.0,1,11.833,1
könig,anna-lena,w,GER,17-19 Mar 2023,EnBW DTB Pokal Team Challenge 2023,qual,"Stuttgart, Germany",39.0,4.0,7.0,0.1,9.36,10.9,1,12.35,1,10.4,1,6.575,2
burrows,annabelle,w,AUS,8-11 Jun 2023,2023 Osijek Challenge Cup,qual,"Osijek, Croatia.",17.0,4.6,6.833,,12.453875,11.433,1,12.5165,2,11.966,1,12.79975,4
kamanga,annais,w,GBR,23-26 Mar 2023,2023 British Gymnastics Championships,qual,"Liverpool, England",40.0,4.4,5.4,0.0,11.592857142857143,9.8,1,11.4,1,9.9,1,12.5125,4
newman,annalise,w,TTO,24-28 Jun 2023,2023 Central American and Caribbean Games,AAfinal,"San Salvador, El Salvador",3.0,4.8,7.45,,11.1686875,10.87075,4,11.25,4,10.2532,5,12.983333333333334,3
wu,anny,w,SUI,11-14 Aug 2022,2022 Senior European Championships,qual,"Munich, Germany",44.0,4.8,7.4,,11.999666666666664,10.233,1,11.966,1,12.283,2,12.6165,2
ercegovic,antea,w,CRO,11-16 Apr 2023,2023 Senior European Championships,qual,"Antalya, Turkey",115.0,3.2,7.366,0.6,9.966,,0,9.966,1,,0,,0
duta,antonia,w,ROU,11-14 Aug 2022,2022 Senior European Championships,qual,"Munich, Germany",80.0,4.5,6.666,0.1,11.82475,11.066,1,11.333,1,12.4,1,12.5,1
marihuan,antonia,w,CHI,29 Oct 2022 - 6 Nov 2022,2022 51st FIG Artistic Gymnastics World Championships,qual,"Liverpool, England",146.0,3.3,5.266,0.1,9.6495,8.466,1,,0,10.833,1,,0
mori,aoka,w,JPN,9-12 Mar 2023,World Cup,qual,"Baku, Azerbaijan",12.0,5.1,7.533,,12.7665,12.633,1,,0,12.9,1,,0
pagoni,areti,w,GRE,29 Oct 2022 - 6 Nov 2022,2022 51st FIG Artistic Gymnastics World Championships,qual,"Liverpool, England",72.0,4.7,6.866,,10.913928571428572,10.31625,4,11.37475,4,10.64125,4,11.733,2
belardelli,arianna,w,ITA,9-12 Mar 2023,World Cup,final,"Baku, Azerbaijan",2.0,5.3,7.8,0.3,12.688666666666668,,0,12.6165,2,12.833,1,,0
olenova,arina,w,LAT,11-14 Aug 2022,2022 Senior European Championships,qual,"Munich, Germany",107.0,4.1,5.366,,10.636199999999999,9.366,2,11.233,2,8.616,2,11.983,4
sullivan,ashlee,w,USA,17-19 Mar 2023,EnBW DTB Pokal Team Challenge 2023,final,"Stuttgart, Germany",6.0,5.5,6.9,,10.75,13.100000000000001,2,12.65,1,12.55,1,6.55,2
d,asia,w,ITA,11-14 Aug 2022,2022 Senior European Championships,qual,"Munich, Germany",3.0,5.4,8.1,,13.526761904761905,13.30825,4,12.988333333333335,3,14.022,3,13.618,11
mesiri,athanasia,w,GRE,11-16 Apr 2023,2023 Senior European Championships,qual,"Antalya, Turkey",27.0,4.6,7.4,,12.161,12.0,1,12.033,1,10.5,1,12.811,3
tran,aurelie,w,CAN,17-19 Mar 2023,EnBW DTB Pokal Team Challenge 2023,qual,"Stuttgart, Germany",30.0,5.3,6.5,,10.547166666666667,11.8,1,12.816500000000001,2,12.35,1,6.75,2
stewart,ava,w,CAN,17-19 Mar 2023,EnBW DTB Pokal Team Challenge 2023,qual,"Stuttgart, Germany",21.0,5.4,7.0,,10.920222222222222,10.166,1,12.1,1,12.788666666666666,3,9.4125,4
sakaguchi,ayaka,w,JPN,29 Oct 2022 - 6 Nov 2022,2022 51st FIG Artistic Gymnastics World Championships,qual,"Liverpool, England",7.0,5.6,7.866,,13.170333333333334,13.315166666666668,6,12.982333333333335,6,12.65825,4,13.631800000000002,5
shamshitdinova,ayazhan,w,KAZ,27-30 Apr 2023,World Cup,qual,"Cairo, Egypt",34.0,4.4,5.2,,9.833,9.6,1,,0,10.066,1,,0
abdullahi,ayesha,w,GBR,24-27 Mar 2022,2022 British Gymnastics Championships,qual,"Liverpool, England",41.0,3.7,6.5,0.0,10.2,10.2,1,,0,10.2,1,,0
kokufugata,azuki,w,JPN,23-26 Feb 2023,FIG Apparatus World Cup 2023,final,"Cottbus, Germany",1.0,5.2,8.433,,13.082999999999998,,0,13.599499999999999,2,12.566500000000001,2,,0
mokosova,barbora,w,SVK,11-14 Aug 2022,2022 Senior European Championships,qual,"Munich, Germany",61.0,3.7,7.833,,12.419136363636364,12.112499999999999,10,12.133,1,12.7697,10,12.266,1
yildiz,bengisu,w,TUR,29 Oct 2022 - 6 Nov 2022,2022 51st FIG Artistic Gymnastics World Championships,qual,"Liverpool, England",67.0,4.8,6.866,,12.043480000000002,11.012199999999998,5,11.708,4,11.588666666666667,3,12.648307692307695,13
schwaninger,berta,w,AUT,29 Oct 2022 - 6 Nov 2022,2022 51st FIG Artistic Gymnastics World Championships,qual,"Liverpool, England",85.0,4.2,8.5,,12.7,,0,,0,,0,12.7,1
czifra,bettina,w,HUN,11-16 Apr 2023,2023 Senior European Championships,qual,"Antalya, Turkey",73.0,5.3,5.433,0.1,12.3375,12.297666666666666,3,12.133,1,12.566,1,12.433,1
frysak,bianca,w,AUT,1-5 Aug 2023,2023 FISH World University Games,AAfinal,"Chengdu, China",6.0,4.6,7.8,,12.18178947368421,11.926600000000002,5,12.024799999999999,5,12.193000000000001,5,12.682999999999998,4
tarhan,bilge,w,TUR,11-14 Aug 2022,2022 Senior European Championships,qual,"Munich, Germany",104.0,4.5,5.1,,11.94726666666667,10.855166666666667,6,11.383,4,10.299666666666667,3,12.756235294117648,17
higgins,blathnaid,w,IRL,11-14 Aug 2022,2022 Senior European Championships,qual,"Munich, Germany",79.0,4.7,6.4,,11.755333333333335,11.1,1,11.866,1,,0,12.3,1
yun,boeun,w,KOR,1-5 Aug 2023,2023 FISH World University Games,AAfinal,"Chengdu, China",17.0,4.4,6.5,,11.832749999999999,10.683,2,11.649999999999999,2,12.066500000000001,2,12.9315,2
scott,breanna,w,AUS,29 Oct 2022 - 6 Nov 2022,2022 51st FIG Artistic Gymnastics World Championships,qual,"Liverpool, England",53.0,5.4,6.566,,12.394699999999998,12.353749999999998,4,12.239799999999999,5,,0,13.333,1
carraro,brisa,w,ARG,29 Oct 2022 - 6 Nov 2022,2022 51st FIG Artistic Gymnastics World Championships,qual,"Liverpool, England",46.0,4.8,7.3,,11.9665,12.1,1,,0,11.833,1,,0
urbanska,brygida,w,POL,11-14 Aug 2022,2022 Senior European Championships,qual,"Munich, Germany",89.0,4.6,5.966,,11.070500000000001,10.6995,2,10.600000000000001,2,10.6665,2,12.315999999999999,2
lochhead,caitlin,w,GBR,24-27 Mar 2022,2022 British Gymnastics Championships,qual,"Liverpool, England",33.0,4.4,6.4,0.0,10.850000000000001,10.8,1,11.65,1,8.85,1,12.1,1
rooskrantz,caitlin,w,RSA,29 Oct 2022 - 6 Nov 2022,2022 51st FIG Artistic Gymnastics World Championships,qual,"Liverpool, England",86.0,4.9,6.4,,12.32775,11.083333333333334,3,12.4,3,13.00825,4,12.725,2
anders,caleigh,w,RSA,1-4 Jun 2023,2023 Tel Aviv Challenge Cup,final,"Tel Aviv, Israel",5.0,4.7,7.1,,11.8335,,0,,0,11.8335,2,,0
normann,camille,w,DEN,11-14 Aug 2022,2022 Senior European Championships,qual,"Munich, Germany",97.0,3.9,6.366,0.1,9.854999999999999,10.166,1,9.133,1,10.266,1,,0
rasmussen,camille,w,DEN,29 Oct 2022 - 6 Nov 2022,2022 51st FIG Artistic Gymnastics World Championships,qual,"Liverpool, England",79.0,4.5,7.0,,12.637925925925925,11.566199999999998,5,12.344333333333333,3,11.854999999999999,3,13.174687500000001,16
kennedy,cara,w,GBR,24-27 Mar 2022,2022 British Gymnastics Championships,qual,"Liverpool, England",37.0,4.2,6.25,0.0,11.940624999999999,11.0,3,12.333333333333334,3,11.049999999999999,3,12.557142857142855,7
kroell,carina,w,AUT,11-14 Aug 2022,2022 Senior European Championships,qual,"Munich, Germany",40.0,4.6,7.533,0.1,12.024750000000001,12.033,1,11.7,1,11.8,1,12.566,1
font,carla,w,ESP,1-5 Aug 2023,2023 FISU World University Games,qual,"Chengdu, China",35.0,3.9,6.366,,11.44875,10.266,1,11.433,1,11.866,1,12.23,1
chavez,carmina,w,ESA,24-28 Jun 2023,2023 Central American and Caribbean Games,qual,"San Salvador, El Salvador",33.0,4.2,4.65,,10.5875,8.85,1,11.65,1,9.95,1,11.9,1
heduit,carolann,w,FRA,29 Oct 2022 - 6 Nov 2022,2022 51st FIG Artistic Gymnastics World Championships,AAfinal,"Liverpool, England",17.0,5.3,6.633,,13.070294117647059,12.4132,5,12.6995,4,13.56625,4,13.7665,4
pedro,carolyne,w,BRA,29 Oct 2022 - 6 Nov 2022,2022 51st FIG Artistic Gymnastics World Championships,qual,"Liverpool, England",81.0,5.0,6.4,,10.940666666666667,11.775,2,12.4165,2,12.075,2,8.644333333333334,3
meuleman,casey-jane,w,,8-11 Jun 2023,2023 Osijek Challenge Cup,qual,"Osijek, Croatia.",12.0,4.4,7.8,,12.291250000000002,12.2,1,12.166,1,,0,12.3995,2
lee,cassandra,w,CAN,29 Jul-2 Aug 2022,BIRMINGHAM 2022 Commonwealth Games,qual,"Birmingham, England",12.0,5.5,6.6,,12.666666666666666,12.1,1,12.95,2,,0,,0
loustalot,cassandra,w,MEX,29 Oct 2022 - 6 Nov 2022,2022 51st FIG Artistic Gymnastics World Championships,qual,"Liverpool, England",32.0,5.4,7.133,,12.388666666666666,11.8415,2,12.7665,2,,0,12.558,2
cereghetti,caterina,w,SUI,11-16 Apr 2023,2023 Senior European Championships,qual,"Antalya, Turkey",44.0,5.1,6.366,,12.041249999999998,11.466,1,12.2,1,11.633,1,12.866,1
bergholt,cecilie,w,DEN,11-16 Apr 2023,2023 Senior European Championships,qual,"Antalya, Turkey",95.0,4.2,5.533,,10.858,9.733,1,10.566,1,11.3,1,11.833,1
mordenti,celeste,w,LUX,29 Oct 2022 - 6 Nov 2022,2022 51st FIG Artistic Gymnastics World Championships,qual,"Liverpool, England",90.0,4.7,6.5,,11.5746875,10.9665,4,11.516,4,11.6532,5,12.333,3
biner,ceren,w,TUR,11-16 Apr 2023,2023 Senior European Championships,qual,"Antalya, Turkey",51.0,4.7,7.333,,12.163499999999999,10.466,1,12.199666666666666,3,12.122,3,12.506199999999998,5
moerz,charlize,w,AUT,29 Oct 2022 - 6 Nov 2022,2022 51st FIG Artistic Gymnastics World Championships,qual,"Liverpool, England",77.0,4.6,6.933,,11.997705882352943,11.2915,4,12.233,5,11.388333333333334,3,12.693,5
cassidy,charlotte,w,GBR,24-27 Mar 2022,2022 British Gymnastics Championships,qual,"Liverpool, England",42.0,4.5,6.3,0.6,10.6125,10.2,1,10.3,1,10.0,1,11.95,1
hasler,charlotte,w,GBR,23-26 Mar 2023,2023 British Gymnastics Championships,qual,"Liverpool, England",37.0,4.2,5.95,0.0,10.2125,10.15,1,10.6,1,8.6,1,11.5,1
chan,cheuk,w,HKG,29 Oct 2022 - 6 Nov 2022,2022 51st FIG Artistic Gymnastics World Championships,qual,"Liverpool, England",132.0,4.5,5.533,,11.362,11.222,6,10.9598,5,,0,12.074749999999998,4
hatakeda,chiaki,w,JPN,1-5 Aug 2023,2023 FISU World University Games,qual,"Chengdu, China",13.0,5.2,7.1,,12.811375,12.732999999999999,3,12.877333333333333,3,12.1,1,13.56,1
giubellini,chiara,w,SUI,11-14 Aug 2022,2022 Senior European Championships,qual,"Munich, Germany",71.0,5.2,6.1,,11.990142857142857,10.783000000000001,2,12.354999999999999,3,,0,12.65,2
moiszi,chiara,w,GE2,17-19 Mar 2023,EnBW DTB Pokal Team Challenge 2023,qual,"Stuttgart, Germany",31.0,5.1,6.7,0.1,9.87142857142857,11.5,2,11.8,2,9.8,1,6.35,2
yamada,chiharu,w,JPN,29 Oct 2022 - 6 Nov 2022,2022 51st FIG Artistic Gymnastics World Championships,AAfinal,"Liverpool, England",16.0,5.3,6.933,,10.975384615384616,12.566333333333333,3,12.616666666666667,3,13.577333333333334,3,6.59975,4
mattis,china,w,JAM,24-28 Jun 2023,2023 Central American and Caribbean Games,AAfinal,"San Salvador, El Salvador",16.0,4.2,6.6,,10.000000000000002,9.975000000000001,2,9.7,2,7.05,1,11.8,2
kiosi,christina,w,GRE,11-14 Aug 2022,2022 Senior European Championships,qual,"Munich, Germany",48.0,4.5,7.366,,11.844111111111111,11.466000000000001,2,11.755333333333335,3,,0,12.09975,4
vasilopoulou,christina,w,GRE,11-14 Aug 2022,2022 Senior European Championships,qual,"Munich, Germany",107.0,4.3,4.833,,9.549499999999998,,0,,0,9.133,1,9.966,1
zwicker,christina,w,CRO,11-16 Apr 2023,2023 Senior European Championships,qual,"Antalya, Turkey",48.0,4.8,6.6,,11.29681818181818,12.0798,5,10.633,1,10.43325,4,11.5,1
ruiz,cinthia,w,MEX,29 Oct 2022 - 6 Nov 2022,2022 51st FIG Artistic Gymnastics World Championships,qual,"Liverpool, England",50.0,5.4,7.433,,12.622,,0,,0,12.833,1,12.5165,2
raposo,clara,w,,8-11 Jun 2023,2023 Osijek Challenge Cup,qual,"Osijek, Croatia.",9.0,5.0,7.333,,12.324750000000002,12.333,1,12.633,2,11.7,1,,0
fragapane,claudia,w,ENG,29 Jul-2 Aug 2022,BIRMINGHAM 2022 Commonwealth Games,qual,"Birmingham, England",19.0,4.6,7.05,,12.05,11.65,1,12.45,1,,0,,0
devillard,coline,w,FRA,29 Oct 2022 - 6 Nov 2022,2022 51st FIG Artistic Gymnastics World Championships,qual,"Liverpool, England",5.0,5.4,9.033,,13.429117647058824,12.610999999999999,3,,0,,0,13.60442857142857,14
dunbar,courtney,w,GBR,23-26 Mar 2023,2023 British Gymnastics Championships,qual,"Liverpool, England",33.0,3.9,6.4,0.0,10.6625,10.3,1,11.2,1,9.3,1,11.85,1
bacskay,csenge,w,HUN,29 Oct 2022 - 6 Nov 2022,2022 51st FIG Artistic Gymnastics World Championships,qual,"Liverpool, England",82.0,4.7,6.666,,12.469714285714284,11.2495,2,11.533,1,11.7066,5,13.022999999999998,13
richards,danyella,w,JAM,29 Jul-2 Aug 2022,BIRMINGHAM 2022 Commonwealth Games,qual,"Birmingham, England",29.0,4.4,5.85,,10.433333333333332,10.25,1,11.15,1,9.9,1,,0
,daria,w,SUI,25-28 May 2023,2023 Varna World Challenge Cup Results,final,"Varna, Bulgaria",8.0,3.6,8.733,0.0,12.2165,,0,,0,,0,12.2165,2
hartmann,daria,w,SUI,25-28 May 2023,2023 Varna World Challenge Cup Results,qual,"Varna, Bulgaria",9.0,4.6,7.633,0.0,12.1798,12.233,1,12.05,2,,0,12.283000000000001,2
elbe,darja,w,LAT,11-14 Aug 2022,2022 Senior European Championships,qual,"Munich, Germany",113.0,3.7,5.3,,8.6,9.0,1,,0,8.2,1,,0
yassinskaya,darya,w,KAZ,1-4 Mar 2023,World Cup,qual,"Doha, Qatar",35.0,3.8,5.866,,11.980642857142856,9.666,1,11.077666666666667,3,,0,12.483,10
choi,dasol,w,KOR,1-5 Aug 2023,2023 FISU World University Games,qual,"Chengdu, China",19.0,4.2,7.466,,10.7995,11.666,1,10.766,1,8.766,1,12.0,1
lee,dayeong,w,KOR,29 Oct 2022 - 6 Nov 2022,2022 51st FIG Artistic Gymnastics World Championships,qual,"Liverpool, England",103.0,4.5,6.466,,12.056214285714287,11.76625,4,11.756499999999999,4,12.055333333333332,3,12.843333333333334,3
salmina,deborah,w,VEN,24-28 Jun 2023,2023 Central American and Caribbean Games,AAfinal,"San Salvador, El Salvador",6.0,4.8,7.05,0.1,12.116666666666667,11.1,2,12.416666666666666,3,12.025,2,12.775,2
pedrick,denelle,w,CAN,29 Oct 2022 - 6 Nov 2022,2022 51st FIG Artistic Gymnastics World Championships,qual,"Liverpool, England",66.0,5.5,6.2,,12.758166666666666,11.8,2,13.033333333333333,3,12.433,1,12.99416666666667,6
tanriyasukur,derin,w,TUR,11-16 Apr 2023,2023 Senior European Championships,qual,"Antalya, Turkey",47.0,4.4,7.1,0.1,11.862124999999999,11.6665,2,11.516,2,12.133,4,,0
savelieva,diana,w,UKR,29 Oct 2022 - 6 Nov 2022,2022 51st FIG Artistic Gymnastics World Championships,qual,"Liverpool, England",127.0,4.4,5.9,0.1,10.605333333333334,9.533333333333333,3,11.677333333333332,3,,0,,0
aripova,dildora,w,UZB,29 Oct 2022 - 6 Nov 2022,2022 51st FIG Artistic Gymnastics World Championships,qual,"Liverpool, England",135.0,4.6,5.333,,11.724999999999998,11.2995,4,12.1995,4,10.6198,5,12.39125,8
lindsay,dixie,w,GBR,24-27 Mar 2022,2022 British Gymnastics Championships,qual,"Liverpool, England",50.0,3.6,6.25,0.0,11.15,9.85,1,11.65,1,10.75,1,12.35,1
laroui,djenna,w,FRA,11-16 Apr 2023,2023 Senior European Championships,qual,"Antalya, Turkey",13.0,5.0,7.866,,11.424714285714286,10.533,1,11.95375,4,12.8198,5,9.374749999999999,4
tran,doan,w,VIE,27-30 Apr 2023,World Cup,qual,"Cairo, Egypt",31.0,4.8,5.266,0.1,11.033,9.966,1,12.1,1,,0,,0
eom,dohyun,w,KOR,29 Oct 2022 - 6 Nov 2022,2022 51st FIG Artistic Gymnastics World Championships,qual,"Liverpool, England",119.0,5.4,5.1,,12.19975,10.5,1,12.633,1,13.066,1,12.6,1
ponizilova,dominika,w,CZE,11-14 Aug 2022,2022 Senior European Championships,qual,"Munich, Germany",44.0,4.2,7.766,,12.068105263157895,11.999666666666664,3,12.0745,4,11.358,4,12.445625,8
gorrell,eilidh,w,GBR,24-27 Mar 2022,2022 British Gymnastics Championships,qual,"Liverpool, England",39.0,4.3,6.1,0.0,11.313636363636364,10.983333333333334,3,11.716666666666667,3,11.116666666666667,3,11.5,2
melke,elena,w,LAT,11-14 Aug 2022,2022 Senior European Championships,qual,"Munich, Germany",112.0,3.1,6.533,,10.4165,,0,9.633,1,,0,11.2,1
usakova,elena,w,SVK,11-14 Aug 2022,2022 Senior European Championships,qual,"Munich, Germany",63.0,4.3,7.2,,11.477666666666666,11.5,1,11.0,1,,0,11.933,1
gravin,elina,w,SWE,11-16 Apr 2023,2023 Senior European Championships,qual,"Antalya, Turkey",80.0,3.7,7.433,,11.983,12.333,1,12.233,2,11.133,1,,0
hämmerle,elisa,w,AUT,8-11 Jun 2023,2023 Osijek Challenge Cup,final,"Osijek, Croatia.",6.0,4.7,7.933,,12.424499999999998,12.4995,2,12.349499999999999,2,,0,,0
iorio,elisa,w,ITA,23-26 Feb 2023,FIG Apparatus World Cup 2023,qual,"Cottbus, Germany",3.0,6.2,7.566,,13.766,,0,,0,13.766,1,,0
geurts,elisabeth,w,NED,17-19 Mar 2023,EnBW DTB Pokal Team Challenge 2023,qual,"Stuttgart, Germany",37.0,4.7,6.55,,10.07,11.25,1,12.0,1,13.1,1,7.0,2
seitz,elisabeth,w,GER,29 Oct 2022 - 6 Nov 2022,2022 51st FIG Artistic Gymnastics World Championships,final,"Liverpool, England",4.0,6.1,8.266,,13.571214285714285,10.3,1,,0,14.051666666666668,9,13.308,4
wagner,elisabeth,w,GER,1-5 Aug 2023,2023 FISH World University Games,AAfinal,"Chengdu, China",12.0,3.7,7.633,,11.624875,11.2165,2,11.5665,2,11.75,2,11.9665,2
stott,elisha,w,GBR,24-27 Mar 2022,2022 British Gymnastics Championships,qual,"Liverpool, England",62.0,3.3,5.4,0.0,9.6625,8.7,1,10.6,1,8.75,1,10.6,1
drncova,eliska,w,CZE,11-16 Apr 2023,2023 Senior European Championships,qual,"Antalya, Turkey",83.0,4.9,5.4,0.1,11.682833333333335,11.133,2,11.966,1,11.849499999999999,2,12.166,1
borg,ella,w,MLT,29 Oct 2022 - 6 Nov 2022,2022 51st FIG Artistic Gymnastics World Championships,qual,"Liverpool, England",138.0,4.4,5.2,,10.383166666666666,9.511000000000001,3,11.377333333333334,3,8.833333333333334,3,11.811,3
robinson,ella,w,GBR,24-27 Mar 2022,2022 British Gymnastics Championships,qual,"Liverpool, England",32.0,4.2,6.6,0.0,11.03125,11.225000000000001,2,11.375,2,9.525,2,12.0,2
belbin,ellie,w,GBR,23-26 Mar 2023,2023 British Gymnastics Championships,qual,"Liverpool, England",36.0,4.1,6.1,0.0,11.77142857142857,10.2,1,11.45,1,9.25,1,12.875,4
gargett,ellie,w,GBR,24-27 Mar 2022,2022 British Gymnastics Championships,qual,"Liverpool, England",44.0,3.3,6.85,0.0,10.683333333333335,10.15,1,10.05,1,,0,11.85,1
patrick,ellie,w,GBR,24-27 Mar 2022,2022 British Gymnastics Championships,qual,"Liverpool, England",10.0,4.8,7.1,0.0,12.059999999999999,11.9,1,11.85,1,12.05,1,12.25,2
russell,ellie,w,GBR,24-27 Mar 2022,2022 British Gymnastics Championships,qual,"Liverpool, England",24.0,4.5,7.3,0.0,12.1375,,0,11.8,1,11.85,1,12.45,2
black,elsabeth,w,CAN,29 Oct 2022 - 6 Nov 2022,2022 51st FIG Artistic Gymnastics World Championships,AAfinal,"Liverpool, England",4.0,5.8,7.633,,13.663181818181817,13.421666666666667,3,13.2995,2,13.933,2,13.89125,4
katsali,elvira,w,GRE,29 Oct 2022 - 6 Nov 2022,2022 51st FIG Artistic Gymnastics World Championships,qual,"Liverpool, England",40.0,4.7,7.633,,11.163666666666666,11.344333333333333,3,11.549999999999999,4,10.044,3,11.7995,2
westlund,emelie,w,SWE,29 Oct 2022 - 6 Nov 2022,2022 51st FIG Artistic Gymnastics World Championships,qual,"Liverpool, England",75.0,4.3,7.233,,12.0952,11.499600000000001,5,11.916,2,12.5932,5,12.377333333333333,3
kulczynska,emilia,w,POL,11-14 Aug 2022,2022 Senior European Championships,qual,"Munich, Germany",68.0,4.5,6.8,,11.473777777777777,11.75,2,10.749500000000001,2,11.433,2,11.799666666666667,3
bremner,emily,w,GBR,24-27 Mar 2022,2022 British Gymnastics Championships,qual,"Liverpool, England",18.0,4.7,6.85,0.1,11.692857142857141,11.475,2,11.625,2,11.4,2,12.85,1
moorhead,emily,w,IRL,11-14 Aug 2022,2022 Senior European Championships,qual,"Munich, Germany",99.0,4.2,6.7,,9.583,,0,10.9,1,8.266,1,,0
roper,emily,w,GBR,24-27 Mar 2022,2022 British Gymnastics Championships,qual,"Liverpool, England",25.0,4.5,6.7,0.0,12.486666666666666,11.799999999999999,3,12.325,2,11.75,2,12.96875,8
todd,emily,w,GBR,24-27 Mar 2022,2022 British Gymnastics Championships,qual,"Liverpool, England",38.0,4.7,5.75,0.0,12.015,10.95,2,11.375,2,12.537500000000001,4,12.675,2
whitehead,emily,w,AUS,"29 Jul-2 Aug, 2023",BIRMINGHAM 2022 Commonwealth Games,AAfinal,"Birmingham, England",5.0,4.8,7.6,,12.1983,12.175,2,12.533333333333333,3,11.524999999999999,2,12.327666666666666,3
fernandez,emma,w,ESP,29 Oct 2022 - 6 Nov 2022,2022 51st FIG Artistic Gymnastics World Championships,qual,"Liverpool, England",99.0,5.1,6.033,0.1,12.136777777777777,11.4495,2,12.255333333333333,3,12.1665,2,12.6165,2
malewski,emma,w,GE1,17-19 Mar 2023,EnBW DTB Pokal Team Challenge 2023,qual,"Stuttgart, Germany",19.0,5.3,7.15,,12.164809523809524,12.976875,8,12.328750000000001,4,12.8275,6,8.455333333333334,3
ross,emma,w,AUS,25-28 May 2023,2023 Varna World Challenge Cup Results,qual,"Varna, Bulgaria",13.0,4.6,7.533,0.0,11.566333333333333,11.383,2,12.466333333333333,3,9.233,1,,0
slevin,emma,w,IRL,29 Oct 2022 - 6 Nov 2022,2022 51st FIG Artistic Gymnastics World Championships,qual,"Liverpool, England",78.0,5.0,6.533,,11.740214285714288,11.491499999999998,4,11.483,4,11.232999999999999,3,12.921999999999999,3
spence,emma,w,CAN,29 Oct 2022 - 6 Nov 2022,2022 51st FIG Artistic Gymnastics World Championships,qual,"Liverpool, England",31.0,5.1,7.433,,12.832066666666666,12.69975,4,12.838666666666667,3,12.75825,4,13.03325,4
yap,emma,w,SGP,"29 Jul-2 Aug, 2023",BIRMINGHAM 2022 Commonwealth Games,AAfinal,"Birmingham, England",10.0,4.9,6.6,,11.364285714285714,11.275,2,11.925,2,10.55,2,12.05,1
pinxten,erika,w,BEL,17-19 Mar 2023,EnBW DTB Pokal Team Challenge 2023,qual,"Stuttgart, Germany",26.0,4.5,7.45,0.1,10.420625,12.849499999999999,2,11.85,1,11.355333333333334,3,5.875,2
pinder,erin,w,BAR,29 Jul-2 Aug 2022,BIRMINGHAM 2022 Commonwealth Games,qual,"Birmingham, England",39.0,3.4,3.4,,7.55,6.8,1,8.35,1,7.5,1,,0
zlobec,evandra,w,CAN,17-19 Mar 2023,EnBW DTB Pokal Team Challenge 2023,qual,"Stuttgart, Germany",38.0,4.5,6.7,,9.3,11.2,1,12.65,1,11.2,1,5.725,2
dimitriou,evangelina,w,CYP,11-16 Apr 2023,2023 Senior European Championships,qual,"Antalya, Turkey",115.0,4.6,4.166,,9.882750000000001,8.766,1,11.666,1,7.233,1,11.866,1
ruiter,eve,w,NED,29 Oct 2022 - 6 Nov 2022,2022 51st FIG Artistic Gymnastics World Championships,qual,"Liverpool, England",88.0,4.6,6.633,,12.044333333333334,11.233,1,11.9,1,,0,13.0,1
flage,evie,w,GBR,23-26 Mar 2023,2023 British Gymnastics Championships,qual,"Liverpool, England",9.0,4.8,7.5,0.0,12.3,,0,,0,12.3,1,,0
thorsdottir,eythora,w,NED,29 Oct 2022 - 6 Nov 2022,2022 51st FIG Artistic Gymnastics World Championships,qual,"Liverpool, England",68.0,5.3,6.366,,13.066375,12.188666666666668,3,12.588666666666667,3,13.533000000000001,5,13.413000000000002,5
dabour,farida,w,EGY,27-30 Apr 2023,World Cup,qual,"Cairo, Egypt",20.0,3.6,8.5,,12.0165,,0,,0,,0,12.0165,2
boukhatem,fatma,w,ALG,29 Oct 2022 - 6 Nov 2022,2022 51st FIG Artistic Gymnastics World Championships,qual,"Liverpool, England",145.0,4.2,4.3,,10.633000000000001,8.5,1,11.466,1,10.566,1,12.0,1
pascucci,faustina,w,ARG,1-5 Aug 2023,2023 FISU World University Games,qual,"Chengdu, China",39.0,3.6,6.466,,10.7598,10.066,1,11.233,1,11.0,1,10.75,2
enghels,fien,w,BEL,11-14 Aug 2022,2022 Senior European Championships,qual,"Munich, Germany",19.0,4.7,8.0,,12.849777777777778,12.2415,4,,0,13.336399999999998,5,,0
martins,filipa,w,POR,11-14 Aug 2022,2022 Senior European Championships,qual,"Munich, Germany",60.0,5.3,6.633,0.3,12.20281818181818,11.7915,4,12.7,1,12.213,5,13.3,1
safken,finja,w,GER,1-5 Aug 2023,2023 FISU World University Games,qual,"Chengdu, China",36.0,3.8,7.2,,11.65,,0,11.0,1,,0,12.3,1
saraiva,flavia,w,BRA,29 Oct 2022 - 6 Nov 2022,2022 51st FIG Artistic Gymnastics World Championships,qual,"Liverpool, England",20.0,5.7,7.2,,13.533249999999999,12.9,1,14.2,1,13.2,1,13.833,1
slooff,floor,w,NED,25-28 May 2023,2023 Varna World Challenge Cup Results,final,"Varna, Bulgaria",5.0,4.9,7.0,0.0,12.466214285714285,12.233,2,12.388333333333334,3,12.1,1,12.599499999999999,8
santi,franchesca,w,CHI,29 Oct 2022 - 6 Nov 2022,2022 51st FIG Artistic Gymnastics World Championships,qual,"Liverpool, England",144.0,4.6,4.233,,11.472999999999999,8.833,1,12.2,1,10.333,1,12.999500000000001,2
morales,franciny,w,CRC,29 Oct 2022 - 6 Nov 2022,2022 51st FIG Artistic Gymnastics World Championships,qual,"Liverpool, England",139.0,4.6,5.266,0.3,11.142916666666666,10.722,3,11.072000000000001,3,10.3,3,12.477666666666666,3
petersen,freja,w,DEN,29 Oct 2022 - 6 Nov 2022,2022 51st FIG Artistic Gymnastics World Championships,qual,"Liverpool, England",91.0,4.5,6.633,,11.103875,11.3165,2,10.933,2,10.483,2,11.683,2
barbosa,gabriela,w,BRA,17-19 Mar 2023,EnBW DTB Pokal Team Challenge 2023,qual,"Stuttgart, Germany",34.0,4.3,7.1,,9.075,,0,11.4,1,12.25,1,6.325,2
napier,garcelle,w,RSA,29 Jul-2 Aug 2022,BIRMINGHAM 2022 Commonwealth Games,qual,"Birmingham, England",24.0,5.0,6.55,,11.825999999999999,,0,11.8415,2,11.2165,2,12.222,3
dor,geffen,w,ISR,11-14 Aug 2022,2022 Senior European Championships,qual,"Munich, Germany",92.0,4.4,6.033,,10.728142857142858,11.043999999999999,3,11.5165,2,9.466,2,,0
brown,georgia,w,AUS,29 Oct 2022 - 6 Nov 2022,2022 51st FIG Artistic Gymnastics World Championships,qual,"Liverpool, England",132.0,4.3,6.833,,12.809285714285712,,0,11.133,1,13.106399999999999,5,13.0,1
charalampous,georgia,w,CYP,11-16 Apr 2023,2023 Senior European Championships,qual,"Antalya, Turkey",121.0,4.4,3.2,,9.958,7.6,1,9.866,1,10.966,1,11.4,1
fenton,georgia,w,GBR,29 Oct 2022 - 6 Nov 2022,2022 51st FIG Artistic Gymnastics World Championships,qual,"Liverpool, England",47.0,5.2,6.9,,13.224636363636364,12.63325,8,12.919,7,13.766583333333335,12,13.285833333333334,6
godwin,georgia,w,AUS,29 Oct 2022 - 6 Nov 2022,2022 51st FIG Artistic Gymnastics World Championships,AAfinal,"Liverpool, England",14.0,5.4,7.0,,13.297769230769232,13.227666666666668,9,13.229125,8,13.414777777777777,9,13.30753846153846,13
martinez,getsemary,w,VEN,24-28 Jun 2023,2023 Central American and Caribbean Games,qual,"San Salvador, El Salvador",30.0,4.0,5.7,,10.8,9.7,1,11.3,1,10.6,1,11.6,1
escobar,ginna,w,COL,24-28 Jun 2023,2023 Central American and Caribbean Games,AAfinal,"San Salvador, El Salvador",17.0,4.2,6.45,,11.669866666666667,10.908250000000002,4,12.133333333333333,3,11.3415,4,12.41225,4
villa,giorgia,w,ITA,29 Oct 2022 - 6 Nov 2022,2022 51st FIG Artistic Gymnastics World Championships,qual,"Liverpool, England",41.0,5.3,7.0,,13.608421052631579,13.062555555555555,9,,0,14.099699999999999,10,,0
uctas,goksu,w,TUR,11-14 Aug 2022,2022 Senior European Championships,qual,"Munich, Germany",49.0,4.6,7.266,,12.322000000000001,11.866,1,12.6,1,,0,12.5,1
davies,grace,w,GBR,23-26 Mar 2023,2023 British Gymnastics Championships,final,"Liverpool, England",5.0,5.1,7.55,0.0,12.478571428571428,12.65,2,12.05,1,12.35,2,12.65,2
mayer,greta,w,HUN,29 Oct 2022 - 6 Nov 2022,2022 51st FIG Artistic Gymnastics World Championships,qual,"Liverpool, England",23.0,5.4,7.466,0.1,12.3163,12.732750000000001,4,11.6396,5,10.855333333333334,3,13.078875,8
hardardottir,gudrun,w,ISL,11-14 Aug 2022,2022 Senior European Championships,qual,"Munich, Germany",67.0,4.4,6.933,,10.7165,11.333,1,,0,10.1,1,,0
jumabekova,gulnaz,w,UZB,1-5 Aug 2023,2023 FISU World University Games,qual,"Chengdu, China",37.0,4.9,5.2,,11.5184375,9.633,2,11.510666666666667,3,8.983,2,12.503444444444446,9
hilton,halle,w,IRL,29 Oct 2022 - 6 Nov 2022,2022 51st FIG Artistic Gymnastics World Championships,qual,"Liverpool, England",39.0,5.2,7.166,,11.88990909090909,11.905333333333333,6,12.294166666666667,6,10.810833333333333,6,12.879000000000001,4
balzsay,hanna,w,HUN,8-11 Jun 2023,2023 Osijek Challenge Cup,qual,"Osijek, Croatia.",11.0,4.2,7.933,,12.133,,0,12.133,1,,0,,0
wayman,hannah,w,GBR,24-27 Mar 2022,2022 British Gymnastics Championships,qual,"Liverpool, England",53.0,4.1,5.7,0.1,11.1875,9.7,1,11.65,1,10.7,1,12.7,1
wingrove,harriet,w,AUS,17-19 Mar 2023,EnBW DTB Pokal Team Challenge 2023,qual,"Stuttgart, Germany",35.0,4.7,6.8,,9.1875,11.5,1,12.1,1,,0,6.575,2
rushton,hayley,w,GBR,23-26 Mar 2023,2023 British Gymnastics Championships,qual,"Liverpool, England",25.0,4.0,7.35,0.0,11.275,11.35,1,11.3,1,10.8,1,11.65,1
watanabe,hazuki,w,JPN,29 Oct 2022 - 6 Nov 2022,2022 51st FIG Artistic Gymnastics World Championships,final,"Liverpool, England",1.0,5.5,8.1,,11.257333333333332,13.166666666666666,3,12.0665,2,12.3415,2,6.5,2
gudmundsdottir,hildur,w,ISL,11-16 Apr 2023,2023 Senior European Championships,qual,"Antalya, Turkey",113.0,4.4,4.6,0.1,11.133000000000001,10.066333333333334,3,12.011000000000001,3,10.177333333333333,3,12.277333333333333,3
heron,hillary,w,PAN,27-30 Apr 2023,World Cup,qual,"Cairo, Egypt",17.0,5.0,6.133,,12.514736842105263,10.994333333333332,3,12.7032,5,12.005333333333333,3,13.158125,8
kusumoto,hima,w,JPN,17-19 Mar 2023,EnBW DTB Pokal Team Challenge 2023,final,"Stuttgart, Germany",5.0,5.2,7.366,,10.277666666666667,12.633,2,10.8,1,12.6,1,6.5,2
wong,hiu,w,HKG,29 Oct 2022 - 6 Nov 2022,2022 51st FIG Artistic Gymnastics World Championships,qual,"Liverpool, England",125.0,4.1,6.166,,11.5064,11.5064,5,,0,,0,,0
mai,hsiang,w,TPE,29 Oct 2022 - 6 Nov 2022,2022 51st FIG Artistic Gymnastics World Championships,qual,"Liverpool, England",62.0,5.2,6.566,,11.982750000000001,11.766,1,12.166,1,11.733,1,12.266,1
ting,hua,w,TPE,1-5 Aug 2023,2023 FISH World University Games,AAfinal,"Chengdu, China",5.0,5.2,7.566,,12.036666666666665,12.56625,8,12.099666666666666,3,10.89125,4,12.088666666666668,3
luo,huan,w,CHN,1-5 Aug 2023,2023 FISH World University Games,AAfinal,"Chengdu, China",2.0,5.9,8.133,,13.449100000000001,13.897666666666666,3,12.766,2,13.710999999999999,3,13.0665,2
sahin,ilayda,w,TUR,1-5 Aug 2023,2023 FISH World University Games,AAfinal,"Chengdu, China",10.0,4.1,7.566,,11.844,10.866,2,11.599499999999999,2,12.1495,2,12.455333333333334,3
krupa,ilona,w,UKR,11-16 Apr 2023,2023 Senior European Championships,qual,"Antalya, Turkey",70.0,4.3,6.633,0.1,11.79975,10.833,1,11.733,1,12.5,1,12.133,1
calle,irene,w,ESP,1-5 Aug 2023,2023 FISU World University Games,qual,"Chengdu, China",32.0,4.1,6.433,0.1,11.6196,10.433,1,12.033,1,11.566,1,12.033,2
bottger,isabella,w,GBR,23-26 Mar 2023,2023 British Gymnastics Championships,qual,"Liverpool, England",26.0,4.0,6.95,0.0,10.95,,0,,0,10.95,1,,0
lamb,isabelle,w,GBR,24-27 Mar 2022,2022 British Gymnastics Championships,qual,"Liverpool, England",27.0,3.9,7.25,0.0,10.885714285714286,10.575,2,11.175,2,10.375,2,11.95,1
perera,isuamy,w,CUB,24-28 Jun 2023,2023 Central American and Caribbean Games,AAfinal,"San Salvador, El Salvador",10.0,4.8,6.45,,11.635,11.1,2,10.8,2,11.425,2,12.425,4
brackley,jacinta,w,GBR,24-27 Mar 2022,2022 British Gymnastics Championships,qual,"Liverpool, England",58.0,4.7,4.45,0.0,9.5,9.15,1,10.25,1,9.1,1,,0
barbosa,jade,w,,8-11 Jun 2023,2023 Osijek Challenge Cup,qual,"Osijek, Croatia.",18.0,5.1,6.066,,11.166,,0,,0,11.166,1,,0
carey,jade,w,USA,29 Oct 2022 - 6 Nov 2022,2022 51st FIG Artistic Gymnastics World Championships,AAfinal,"Liverpool, England",11.0,5.2,7.433,,13.838999999999999,12.883,2,13.988333333333335,3,13.249500000000001,2,14.499749999999999,4
surtees,jamie,w,GBR,24-27 Mar 2022,2022 British Gymnastics Championships,qual,"Liverpool, England",46.0,3.9,6.05,0.0,10.483333333333333,9.95,1,,0,9.75,1,11.75,1
duffus,jamilia,w,JAM,24-28 Jun 2023,2023 Central American and Caribbean Games,qual,"San Salvador, El Salvador",34.0,3.9,3.55,,8.6875,7.45,1,8.05,1,7.05,1,12.2,1
abdelsalam,jana,w,EGY,29 Oct 2022 - 6 Nov 2022,2022 51st FIG Artistic Gymnastics World Championships,qual,"Liverpool, England",100.0,4.8,6.2,,11.7385,11.999666666666664,6,11.815999999999999,2,10.966333333333333,3,12.333,1
aboelhasan,jana,w,EGY,29 Oct 2022 - 6 Nov 2022,2022 51st FIG Artistic Gymnastics World Championships,qual,"Liverpool, England",116.0,4.6,5.9,,11.3165,10.5,1,12.266,1,10.9,1,11.6,1
mahmoud,jana,w,EGY,9-12 Mar 2023,World Cup,qual,"Baku, Azerbaijan",23.0,4.3,7.2,,11.106200000000001,11.2665,2,,0,10.999333333333333,3,,0
heffernan,jane,w,IRL,11-16 Apr 2023,2023 Senior European Championships,qual,"Antalya, Turkey",93.0,4.4,5.433,,11.082999999999998,9.833,1,11.7,1,11.166,1,11.633,1
müller,janoah,w,GE2,17-19 Mar 2023,EnBW DTB Pokal Team Challenge 2023,qual,"Stuttgart, Germany",36.0,4.7,6.8,0.1,9.36,11.4,1,11.1,1,11.15,1,6.575,2
mader,jasmin,w,AUT,29 Oct 2022 - 6 Nov 2022,2022 51st FIG Artistic Gymnastics World Championships,qual,"Liverpool, England",88.0,4.6,6.633,,12.229333333333333,11.5495,2,12.6665,2,12.166333333333334,3,12.566500000000001,2
salama,jasmin,w,EGY,27-30 Apr 2023,World Cup,qual,"Cairo, Egypt",18.0,4.4,7.233,,11.633,,0,11.633,1,,0,,0
maracha,jea,w,WAL,"29 Jul-2 Aug, 2023",BIRMINGHAM 2022 Commonwealth Games,AAfinal,"Birmingham, England",6.0,4.6,7.6,,11.96564705882353,12.235999999999999,6,11.475,4,11.8125,4,12.283333333333333,3
lalonde,jenna,w,CAN,29 Jul-2 Aug 2022,BIRMINGHAM 2022 Commonwealth Games,qual,"Birmingham, England",13.0,4.2,7.8,,12.620750000000001,12.0,1,12.2,1,13.1415,2,,0
gadirova,jennifer,w,GBR,29 Oct 2022 - 6 Nov 2022,2022 51st FIG Artistic Gymnastics World Championships,final,"Liverpool, England",7.0,5.3,7.966,0.1,13.159866666666666,12.66,5,13.506857142857141,7,13.149999999999999,2,13.25,1
clarke,jerusha,w,GBR,24-27 Mar 2022,2022 British Gymnastics Championships,qual,"Liverpool, England",20.0,5.0,6.95,0.0,11.033333333333331,,0,11.95,1,9.35,1,11.8,1
adamson,jess,w,GBR,24-27 Mar 2022,2022 British Gymnastics Championships,qual,"Liverpool, England",54.0,4.3,5.4,0.0,10.8625,9.7,1,10.45,1,11.3,1,12.0,1
daykin,jessica,w,GBR,24-27 Mar 2022,2022 British Gymnastics Championships,qual,"Liverpool, England",26.0,5.3,5.9,0.0,11.2,11.2,1,11.45,1,9.35,1,12.8,1
dowling,jessica,w,CAN,25-28 May 2023,2023 Varna World Challenge Cup Results,qual,"Varna, Bulgaria",14.0,4.5,7.566,0.0,11.996636363636366,11.4495,2,12.088666666666667,3,12.2995,4,11.8,2
gadirova,jessica,w,GBR,29 Oct 2022 - 6 Nov 2022,2022 51st FIG Artistic Gymnastics World Championships,AAfinal,"Liverpool, England",2.0,5.7,8.033,,13.63432558139535,13.149799999999999,10,14.016545454545456,11,13.379333333333333,9,13.860153846153846,13
schlegel,jessica,w,GER,17-19 Mar 2023,EnBW DTB Pokal Team Challenge 2023,final,"Stuttgart, Germany",1.0,6.1,7.433,0.1,12.894333333333334,13.4415,2,,0,11.8,1,,0
wright,jessica,w,GBR,24-27 Mar 2022,2022 British Gymnastics Championships,qual,"Liverpool, England",30.0,4.7,6.15,0.0,10.483333333333333,10.85,1,11.6,1,9.0,1,,0
zhang,jin,w,CHN,29 Oct 2022 - 6 Nov 2022,2022 51st FIG Artistic Gymnastics World Championships,qual,"Liverpool, England",22.0,5.2,7.633,,12.998714285714286,13.083,2,12.664,3,,0,13.4165,2
de,joana,w,MON,11-14 Aug 2022,2022 Senior European Championships,qual,"Munich, Germany",100.0,4.3,5.8,0.1,9.935357142857143,10.058250000000001,4,10.883,4,9.666,2,8.9995,4
chiles,jordan,w,USA,29 Oct 2022 - 6 Nov 2022,2022 51st FIG Artistic Gymnastics World Championships,qual,"Liverpool, England",83.0,5.2,6.166,,13.742428571428572,11.366,1,13.9665,2,14.066,1,14.277333333333331,3
roberson,joscelyn,w,USA,17-19 Mar 2023,EnBW DTB Pokal Team Challenge 2023,qual,"Stuttgart, Germany",18.0,6.0,6.5,,13.55858823529412,12.855333333333334,3,13.804000000000002,4,12.2,2,14.039250000000001,8
soerensen,josephine,w,DEN,11-14 Aug 2022,2022 Senior European Championships,qual,"Munich, Germany",96.0,4.1,6.1,,11.077666666666667,10.2,1,11.3,1,,0,11.733,1
silva,josiany,w,BRA,17-19 Mar 2023,EnBW DTB Pokal Team Challenge 2023,qual,"Stuttgart, Germany",34.0,4.8,6.85,,12.2,11.65,1,,0,12.75,1,,0
kaczmarek,julia,w,GBR,24-27 Mar 2022,2022 British Gymnastics Championships,qual,"Liverpool, England",54.0,4.3,5.4,0.0,10.85,9.7,1,11.75,1,10.25,1,11.7,1
soares,julia,w,BRA,29 Oct 2022 - 6 Nov 2022,2022 51st FIG Artistic Gymnastics World Championships,qual,"Liverpool, England",35.0,5.2,7.366,0.1,11.385,12.716333333333333,3,13.171999999999999,3,12.05,1,6.375,2
toessebro,juliane,w,NOR,29 Oct 2022 - 6 Nov 2022,2022 51st FIG Artistic Gymnastics World Championships,qual,"Liverpool, England",84.0,4.5,6.833,,11.62475,11.388666666666667,3,11.466333333333333,3,11.283,2,12.0915,4
erichsen,julie,w,NOR,11-16 Apr 2023,2023 Senior European Championships,qual,"Antalya, Turkey",40.0,5.0,7.566,,12.381,,0,,0,12.3995,4,12.366200000000001,5
madsoe,julie,w,NOR,11-14 Aug 2022,2022 Senior European Championships,qual,"Munich, Germany",60.0,5.1,6.466,,11.607999999999999,11.566,1,11.133,1,10.8,1,12.933,1
verkest,jutta,w,BEL,29 Oct 2022 - 6 Nov 2022,2022 51st FIG Artistic Gymnastics World Championships,qual,"Liverpool, England",85.0,5.2,6.133,,11.87145,11.9364,5,12.385833333333332,6,12.921999999999999,3,10.777666666666667,6
pratley,kacey,w,GBR,24-27 Mar 2022,2022 British Gymnastics Championships,qual,"Liverpool, England",60.0,3.9,5.05,0.0,11.443750000000001,10.399999999999999,2,11.7,2,11.675,2,12.0,2
tanskanen,kaia,w,FIN,29 Oct 2022 - 6 Nov 2022,2022 51st FIG Artistic Gymnastics World Championships,qual,"Liverpool, England",111.0,4.7,6.0,,12.223666666666665,11.522,6,12.63325,4,11.9555,6,13.059800000000001,5
lim,kaitlyn,w,SGP,29 Jul-2 Aug 2022,BIRMINGHAM 2022 Commonwealth Games,qual,"Birmingham, England",21.0,4.5,6.9,,11.225000000000001,11.4,1,11.05,1,,0,,0
skalska,kaja,w,POL,11-16 Apr 2023,2023 Senior European Championships,qual,"Antalya, Turkey",84.0,4.8,5.366,,11.214333333333334,11.116,2,10.683,2,10.933,2,11.821666666666667,3
diaz,karelys,w,PUR,24-28 Jun 2023,2023 Central American and Caribbean Games,AAfinal,"San Salvador, El Salvador",14.0,4.4,6.5,,11.655555555555555,10.75,2,11.949999999999998,3,11.399999999999999,2,12.375,2
cubillos,karen,w,COL,24-28 Jun 2023,2023 Central American and Caribbean Games,qual,"San Salvador, El Salvador",17.0,4.0,7.05,,11.4,11.05,1,,0,11.75,1,,0
schoenmaier,karina,w,GER,29 Oct 2022 - 6 Nov 2022,2022 51st FIG Artistic Gymnastics World Championships,AAfinal,"Liverpool, England",20.0,4.4,7.266,,12.508,11.7995,2,12.583,2,12.4165,2,13.233,2
schönmaier,karina,w,GER,17-19 Mar 2023,EnBW DTB Pokal Team Challenge 2023,qual,"Stuttgart, Germany",25.0,4.9,7.2,,12.763833333333336,12.1,1,12.15,1,,0,13.083250000000001,4
navas,karla,w,PAN,29 Oct 2022 - 6 Nov 2022,2022 51st FIG Artistic Gymnastics World Championships,qual,"Liverpool, England",143.0,4.8,4.433,0.4,12.233176470588235,11.20825,4,12.027666666666667,3,12.4415,4,12.880333333333333,6
visagie,karma,w,RSA,8-11 Jun 2023,2023 Osijek Challenge Cup,qual,"Osijek, Croatia.",19.0,4.7,6.533,,11.799666666666667,11.233,1,,0,,0,12.083,2
,kate,w,AUS,29 Oct 2022 - 6 Nov 2022,2022 51st FIG Artistic Gymnastics World Championships,qual,"Liverpool, England",110.0,5.1,5.633,,12.874666666666668,12.383000000000001,3,,0,13.366333333333335,3,,0
mcdonald,kate,w,AUS,17-19 Mar 2023,EnBW DTB Pokal Team Challenge 2023,qual,"Stuttgart, Germany",32.0,5.0,6.7,,12.1625,11.7,1,11.85,1,12.55,2,,0
molloy,kate,w,IRL,11-14 Aug 2022,2022 Senior European Championships,qual,"Munich, Germany",108.0,4.6,4.866,,10.852142857142857,10.332999999999998,2,10.7,1,10.1995,2,12.1,2
sayer,kate,w,AUS,17-19 Mar 2023,EnBW DTB Pokal Team Challenge 2023,qual,"Stuttgart, Germany",20.0,4.9,7.25,,9.375,,0,12.15,1,12.1,1,6.625,2
palicka,katrin,w,AUT,1-4 Jun 2023,2023 Tel Aviv Challenge Cup,qual,"Tel Aviv, Israel",23.0,3.9,5.033,,10.733333333333334,8.933,1,12.0,1,11.267,1,,0
jurevica,katrina,w,LAT,11-16 Apr 2023,2023 Senior European Championships,qual,"Antalya, Turkey",80.0,4.6,5.666,,11.448599999999999,10.421666666666667,3,11.122,3,9.7,1,12.17475,8
gamage,kaushini,w,SRI,29 Jul-2 Aug 2022,BIRMINGHAM 2022 Commonwealth Games,qual,"Birmingham, England",38.0,2.7,5.3,,7.616666666666667,8.0,1,7.85,1,7.0,1,,0
rolston,keira,w,NZL,29 Oct 2022 - 6 Nov 2022,2022 51st FIG Artistic Gymnastics World Championships,qual,"Liverpool, England",102.0,4.6,6.466,0.1,11.341249999999999,10.966,1,11.833,1,10.833,1,11.733,1
thornton,keira,w,GBR,24-27 Mar 2022,2022 British Gymnastics Championships,qual,"Liverpool, England",57.0,4.3,5.1,0.1,12.236666666666668,11.266666666666666,3,11.75,2,11.875,2,12.8125,8
simm,kelly,w,GBR,24-27 Mar 2022,2022 British Gymnastics Championships,qual,"Liverpool, England",28.0,4.8,6.1,0.0,12.5,10.9,1,12.875,2,12.700000000000001,3,12.75,1
bui,kim,w,GER,11-14 Aug 2022,2022 Senior European Championships,qual,"Munich, Germany",17.0,4.9,7.933,,13.349625,12.833,1,12.9495,2,13.899666666666667,3,13.183,2
rampono,kirsten,w,RSA,1-4 Jun 2023,2023 Tel Aviv Challenge Cup,qual,"Tel Aviv, Israel",14.0,4.5,5.867,,11.110999999999999,,0,,0,10.367,1,11.483,2
fowler,kirsty,w,GBR,24-27 Mar 2022,2022 British Gymnastics Championships,qual,"Liverpool, England",49.0,4.6,5.3,0.0,11.069999999999999,9.9,1,10.7,1,9.7,1,12.524999999999999,2
peterkova,klara,w,CZE,29 Oct 2022 - 6 Nov 2022,2022 51st FIG Artistic Gymnastics World Championships,qual,"Liverpool, England",121.0,5.0,5.433,,11.384545454545457,11.155,3,11.566333333333333,3,10.888666666666666,3,12.2,2
ushioku,kohane,w,JPN,1-5 Aug 2023,2023 FISU World University Games,qual,"Chengdu, China",6.0,5.4,7.766,0.3,10.372399999999999,,0,12.866,1,,0,9.748999999999999,4
fukasawa,kokoro,w,JPN,29 Oct 2022 - 6 Nov 2022,2022 51st FIG Artistic Gymnastics World Championships,qual,"Liverpool, England",25.0,6.2,7.3,,12.510833333333332,12.183,2,,0,12.455333333333334,3,13.333,1
maragkou,konstantina,w,GRE,29 Oct 2022 - 6 Nov 2022,2022 51st FIG Artistic Gymnastics World Championships,qual,"Liverpool, England",138.0,3.5,6.2,,10.633249999999999,11.1,1,11.3,1,10.0665,2,,0
yerbossynkyzy,korkem,w,KAZ,29 Oct 2022 - 6 Nov 2022,2022 51st FIG Artistic Gymnastics World Championships,qual,"Liverpool, England",142.0,4.3,4.9,,10.44975,9.2,1,10.3,1,10.633,1,11.666,1
zivadinovic,kristina,w,SRB,25-28 May 2023,2023 Varna World Challenge Cup Results,qual,"Varna, Bulgaria",29.0,4.4,4.633,0.1,9.944,9.249500000000001,2,11.333,1,,0,,0
abeyratne,kumudi,w,SRI,29 Jul-2 Aug 2022,BIRMINGHAM 2022 Commonwealth Games,qual,"Birmingham, England",36.0,3.9,5.2,,7.316666666666666,9.1,1,7.35,1,5.5,1,,0
salem,lahna,w,ALG,29 Oct 2022 - 6 Nov 2022,2022 51st FIG Artistic Gymnastics World Championships,qual,"Liverpool, England",126.0,4.1,6.133,,10.760666666666667,10.499500000000001,2,10.733,1,10.3995,2,12.033,1
font,laia,w,ESP,11-16 Apr 2023,2023 Senior European Championships,qual,"Antalya, Turkey",43.0,4.8,6.733,,12.464,11.533,1,12.4165,2,11.733,2,12.740444444444444,9
masferrer,laia,w,ESP,29 Oct 2022 - 6 Nov 2022,2022 51st FIG Artistic Gymnastics World Championships,qual,"Liverpool, England",63.0,4.6,7.133,,12.069636363636363,12.1995,2,11.7,1,11.488999999999999,3,12.440000000000001,5
herrera,lana,w,PAN,27-30 Apr 2023,World Cup,qual,"Cairo, Egypt",37.0,4.0,4.7,,11.763200000000001,9.399999999999999,2,12.261000000000001,3,12.05,2,12.649666666666667,3
crnjac,lara,w,SLO,1-5 Aug 2023,2023 FISU World University Games,qual,"Chengdu, China",20.0,4.3,7.533,,11.583,,0,,0,11.583,2,,0
demarsico,lara,w,ARG,1-5 Aug 2023,2023 FISU World University Games,qual,"Chengdu, China",21.0,4.1,7.533,,11.347999999999999,11.633,1,11.366,1,10.733,1,11.66,1
speers,lara,w,GBR,23-26 Mar 2023,2023 British Gymnastics Championships,qual,"Liverpool, England",42.0,3.9,5.6,0.0,10.912500000000001,9.5,1,10.85,1,10.8,1,12.5,1
casabuena,laura,w,ESP,29 Oct 2022 - 6 Nov 2022,2022 51st FIG Artistic Gymnastics World Championships,AAfinal,"Liverpool, England",24.0,5.0,2.6,0.1,12.537151515151516,11.537857142857144,7,12.881222222222222,9,12.647428571428572,7,12.849799999999998,10
nelson,laura,w,GBR,24-27 Mar 2022,2022 British Gymnastics Championships,qual,"Liverpool, England",56.0,4.2,5.3,0.1,11.077777777777778,9.825,2,11.0,2,10.100000000000001,2,12.616666666666665,3
ducas,lauren,w,CUB,24-28 Jun 2023,2023 Central American and Caribbean Games,AAfinal,"San Salvador, El Salvador",19.0,4.5,5.75,,10.3,10.575,2,11.0,2,8.175,2,11.45,2
denommee,laurie,w,CAN,29 Oct 2022 - 6 Nov 2022,2022 51st FIG Artistic Gymnastics World Championships,qual,"Liverpool, England",22.0,5.3,7.966,,12.652666666666669,11.3,2,13.022,3,12.588666666666667,3,13.1,4
franceries,lea,w,FRA,1-4 Jun 2023,2023 Tel Aviv Challenge Cup,final,"Tel Aviv, Israel",3.0,5.3,7.533,,12.627833333333335,12.9165,2,,0,,0,12.4835,4
quaas,lea,w,GE1,17-19 Mar 2023,EnBW DTB Pokal Team Challenge 2023,qual,"Stuttgart, Germany",28.0,5.3,6.7,,11.2975,11.525,4,11.962250000000001,4,12.5,2,9.804,4
wartmann,lea,w,GE2,17-19 Mar 2023,EnBW DTB Pokal Team Challenge 2023,qual,"Stuttgart, Germany",29.0,4.8,7.05,,11.85,11.85,1,,0,,0,,0
wong,leanne,w,USA,29 Oct 2022 - 6 Nov 2022,2022 51st FIG Artistic Gymnastics World Championships,qual,"Liverpool, England",21.0,5.0,8.766,,13.433,,0,,0,,0,13.433,2
pengkerego,leasha,w,GBR,24-27 Mar 2022,2022 British Gymnastics Championships,qual,"Liverpool, England",34.0,5.0,5.75,0.0,11.522222222222224,10.75,2,11.6,2,10.8,2,12.466666666666667,3
martinez,leila,w,ARG,29 Oct 2022 - 6 Nov 2022,2022 51st FIG Artistic Gymnastics World Championships,qual,"Liverpool, England",108.0,5.0,5.8,,11.855333333333334,10.8,1,12.1,1,,0,12.666,1
bickel,lena,w,SUI,11-16 Apr 2023,2023 Senior European Championships,qual,"Antalya, Turkey",90.0,5.1,4.9,,11.908000000000001,10.0,1,13.033,1,11.233,1,13.366,1
bohle,leni,w,AUT,11-16 Apr 2023,2023 Senior European Championships,qual,"Antalya, Turkey",84.0,4.8,5.366,,11.583,10.166,1,,0,,0,13.0,1
yeoh,li,w,MAS,27-30 Apr 2023,World Cup,qual,"Cairo, Egypt",21.0,4.9,6.766,0.3,11.583,,0,,0,11.583,2,,0
sobral,lia,w,POR,11-14 Aug 2022,2022 Senior European Championships,qual,"Munich, Germany",115.0,4.2,4.533,,10.783,8.733,1,11.7,1,10.633,1,12.066,1
raz,lihie,w,ISR,29 Oct 2022 - 6 Nov 2022,2022 51st FIG Artistic Gymnastics World Championships,qual,"Liverpool, England",27.0,5.3,7.333,,12.183199999999998,11.244333333333335,6,12.516666666666667,6,11.3064,5,12.799846153846154,13
cosman,lilia,w,ROU,11-16 Apr 2023,2023 Senior European Championships,qual,"Antalya, Turkey",35.0,5.3,7.366,,12.916,,0,,0,12.666,1,13.166,1
moring,liliana,w,GBR,24-27 Mar 2022,2022 British Gymnastics Championships,qual,"Liverpool, England",31.0,4.1,6.7,0.0,10.966666666666669,10.8,1,10.4,1,,0,11.7,1
makai,lilla,w,HUN,25-28 May 2023,2023 Varna World Challenge Cup Results,qual,"Varna, Bulgaria",12.0,4.6,7.566,0.0,11.499875,12.0,3,11.5,2,10.999666666666668,3,,0
habisreutinger,lilli,w,SUI,11-14 Aug 2022,2022 Senior European Championships,qual,"Munich, Germany",17.0,4.0,8.566,,11.232800000000001,8.666,1,11.866,1,10.066,1,12.783000000000001,2
tranfield,lily,w,GBR,24-27 Mar 2022,2022 British Gymnastics Championships,qual,"Liverpool, England",65.0,3.2,4.75,0.0,8.75,7.95,1,9.55,1,,0,,0
yu,linmin,w,CHN,1-4 Mar 2023,World Cup,qual,"Doha, Qatar",10.0,4.2,8.8,,13.038666666666666,,0,,0,,0,13.038666666666666,6
conradie,lisa,w,RSA,1-5 Aug 2023,2023 FISU World University Games,qual,"Chengdu, China",34.0,4.2,6.133,,10.94825,10.333,1,10.8,1,10.9,1,11.76,1
vaelen,lisa,w,BEL,29 Oct 2022 - 6 Nov 2022,2022 51st FIG Artistic Gymnastics World Championships,AAfinal,"Liverpool, England",22.0,4.6,6.733,,13.253451612903225,12.199666666666666,6,13.121833333333333,6,13.623571428571429,7,13.630249999999998,12
amrillaeva,lobar,w,UZB,25-28 May 2023,2023 Varna World Challenge Cup Results,qual,"Varna, Bulgaria",26.0,4.9,5.433,0.1,11.258,11.1665,2,11.4495,2,10.1665,2,12.2495,2
medina,lorena,w,ESP,11-14 Aug 2022,2022 Senior European Championships,qual,"Munich, Germany",43.0,5.0,7.0,,12.283055555555556,11.7464,5,12.1998,5,12.433,2,12.749666666666668,6
charpy,lorette,w,FRA,11-14 Aug 2022,2022 Senior European Championships,final,"Munich, Germany",3.0,6.2,7.966,,13.755,,0,,0,13.755,3,,0
oliveira,lorrane,w,BRA,29 Oct 2022 - 6 Nov 2022,2022 51st FIG Artistic Gymnastics World Championships,qual,"Liverpool, England",36.0,5.6,7.633,,12.421833333333334,11.066,1,11.4,1,13.133000000000001,3,12.666,1
smith,lottie,w,GBR,24-27 Mar 2022,2022 British Gymnastics Championships,qual,"Liverpool, England",23.0,4.6,6.8,0.1,11.975,11.600000000000001,2,11.85,1,11.774999999999999,2,12.4,3
citherlet,lou,w,SUI,25-28 May 2023,2023 Varna World Challenge Cup Results,qual,"Varna, Bulgaria",13.0,4.1,7.366,0.0,11.933,,0,,0,11.466,1,12.1665,2
lopez,louise,w,MEX,27-30 Apr 2023,World Cup,qual,"Cairo, Egypt",27.0,4.5,5.8,,10.850000000000001,10.3,1,11.4,1,,0,,0
paulino,lucia,w,PAN,24-28 Jun 2023,2023 Central American and Caribbean Games,qual,"San Salvador, El Salvador",28.0,4.3,5.8,0.1,10.6,10.0,1,,0,,0,11.2,1
marikova,lucie,w,CZE,11-14 Aug 2022,2022 Senior European Championships,qual,"Munich, Germany",74.0,4.2,6.933,,11.133,,0,,0,11.133,1,,0
trnkova,lucie,w,CZE,29 Oct 2022 - 6 Nov 2022,2022 51st FIG Artistic Gymnastics World Championships,qual,"Liverpool, England",104.0,4.7,6.266,,11.499749999999999,11.2196,5,11.7665,6,,0,11.3,1
hribar,lucija,w,SLO,29 Oct 2022 - 6 Nov 2022,2022 51st FIG Artistic Gymnastics World Championships,qual,"Liverpool, England",61.0,4.7,7.066,,12.209190476190475,11.871833333333335,6,11.819799999999999,5,12.428142857142857,7,13.022,3
lewis,lucy,w,GBR,24-27 Mar 2022,2022 British Gymnastics Championships,final,"Liverpool, England",8.0,5.0,5.65,0.0,11.65,11.9,1,11.65,1,11.566666666666668,3,,0
robinson,lucy,w,GBR,24-27 Mar 2022,2022 British Gymnastics Championships,qual,"Liverpool, England",59.0,4.0,5.05,0.0,10.025,9.05,1,10.2,1,9.3,1,11.55,1
maia,luisa,w,BRA,17-19 Mar 2023,EnBW DTB Pokal Team Challenge 2023,qual,"Stuttgart, Germany",32.0,5.0,6.7,,9.2625,11.7,1,12.35,1,,0,6.5,2
franceries,léa,w,FRA,17-19 Mar 2023,EnBW DTB Pokal Team Challenge 2023,final,"Stuttgart, Germany",3.0,5.4,7.333,,10.3866,12.9665,2,13.0,1,,0,6.5,2
dawson,mabelle,w,GBR,23-26 Mar 2023,2023 British Gymnastics Championships,qual,"Liverpool, England",24.0,4.7,6.7,0.0,10.5875,11.4,1,10.2,1,8.95,1,11.8,1
pegoli,macy,w,AUS,17-19 Mar 2023,EnBW DTB Pokal Team Challenge 2023,qual,"Stuttgart, Germany",21.0,4.7,7.65,,9.84,12.35,1,11.65,1,11.95,1,6.625,2
hajjar,maddison,w,CAN,25-28 May 2023,2023 Varna World Challenge Cup Results,qual,"Varna, Bulgaria",17.0,4.5,7.166,0.0,12.283000000000001,12.108,2,12.572000000000001,3,11.766,1,,0
marshall,madeleine,w,GBR,24-27 Mar 2022,2022 British Gymnastics Championships,qual,"Liverpool, England",16.0,4.3,7.2,0.0,11.4736875,11.233,4,11.212250000000001,4,10.6,1,11.885428571428573,7
leitner,madelen,w,NOR,11-14 Aug 2022,2022 Senior European Championships,qual,"Munich, Germany",84.0,4.0,7.4,0.1,11.3,,0,11.3,1,,0,,0
brassart,maellyse,w,BEL,29 Oct 2022 - 6 Nov 2022,2022 51st FIG Artistic Gymnastics World Championships,AAfinal,"Liverpool, England",19.0,5.2,6.533,,12.397321428571429,12.421999999999999,6,12.516428571428573,7,13.220999999999998,7,11.553875000000001,8
costa,mafalda,w,POR,11-14 Aug 2022,2022 Senior European Championships,qual,"Munich, Germany",59.0,4.5,7.066,,11.130461538461539,11.266333333333336,3,11.921999999999999,3,9.299666666666667,3,11.808,4
grygiel,magdalena,w,POL,11-16 Apr 2023,2023 Senior European Championships,qual,"Antalya, Turkey",102.0,4.1,5.3,,10.9665,9.4,1,11.166,1,11.0,1,12.3,1
tsiori,magdalini,w,GRE,11-16 Apr 2023,2023 Senior European Championships,qual,"Antalya, Turkey",75.0,4.9,5.666,0.1,11.127333333333333,10.3995,2,10.766,1,11.233,2,12.733,1
shepherd,maggie,w,GBR,23-26 Mar 2023,2023 British Gymnastics Championships,qual,"Liverpool, England",34.0,4.0,6.3,0.0,10.775,10.3,1,11.3,1,9.15,1,12.35,1
llacer,maia,w,ESP,25-28 May 2023,2023 Varna World Challenge Cup Results,final,"Varna, Bulgaria",5.0,5.4,7.2,0.0,12.258444444444445,11.199666666666667,3,12.174000000000001,4,12.509285714285713,7,12.698,4
kuusikko,maisa,w,FIN,29 Oct 2022 - 6 Nov 2022,2022 51st FIG Artistic Gymnastics World Championships,AAfinal,"Liverpool, England",13.0,4.9,7.566,,12.782190476190479,12.2262,5,12.6662,5,13.039599999999998,5,13.127666666666665,6
lloyd,maisie,w,GBR,24-27 Mar 2022,2022 British Gymnastics Championships,qual,"Liverpool, England",64.0,3.5,4.6,0.0,10.6875,8.1,1,10.95,1,11.05,1,12.65,1
rezagui,malek,w,ALG,27-30 Apr 2023,World Cup,qual,"Cairo, Egypt",28.0,4.3,6.833,0.1,7.788666666666667,,0,11.033,1,,0,6.1665,2
morgan,mali,w,GBR,24-27 Mar 2022,2022 British Gymnastics Championships,final,"Liverpool, England",6.0,5.0,7.55,0.0,12.32,12.466666666666669,3,12.049999999999999,3,11.8,2,12.52142857142857,7
neurauter,mali,w,NOR,29 Oct 2022 - 6 Nov 2022,2022 51st FIG Artistic Gymnastics World Championships,qual,"Liverpool, England",108.0,3.8,8.566,,11.4096,11.688333333333333,3,11.966,1,10.399666666666667,3,11.955333333333334,3
montell,malla,w,FIN,1-5 Aug 2023,2023 FISU World University Games,qual,"Chengdu, China",36.0,4.1,6.0,,11.496699999999999,10.3335,2,11.7165,2,11.433333333333332,3,12.189,3
lundqvist,malva,w,SWE,29 Oct 2022 - 6 Nov 2022,2022 51st FIG Artistic Gymnastics World Championships,qual,"Liverpool, England",105.0,4.1,7.733,,12.083,,0,11.833,1,,0,12.333,1
rankoe,mammule,w,RSA,29 Jul-2 Aug 2022,BIRMINGHAM 2022 Commonwealth Games,qual,"Birmingham, England",14.0,4.4,7.55,,11.425,11.95,1,,0,10.9,1,,0
okamura,mana,w,JPN,23-26 Feb 2023,FIG Apparatus World Cup 2023,final,"Cottbus, Germany",1.0,5.7,8.433,,13.366333333333335,13.8995,2,,0,12.3,1,,0
poghosyan,mane,w,,8-11 Jun 2023,2023 Osijek Challenge Cup,qual,"Osijek, Croatia.",24.0,4.4,6.066,,10.853,10.466,1,11.4,1,10.033,1,11.183,2
esposito,manila,w,ITA,29 Oct 2022 - 6 Nov 2022,2022 51st FIG Artistic Gymnastics World Championships,qual,"Liverpool, England",107.0,4.7,6.1,,13.041736842105264,12.5915,4,12.946200000000001,5,12.910666666666666,3,13.42342857142857,7
dandois,margaux,w,BEL,27-30 Apr 2023,World Cup,qual,"Cairo, Egypt",20.0,4.6,6.433,,12.204714285714287,11.5,2,12.466666666666667,3,12.5165,2,,0
kristinsdottir,margret,w,ISL,11-16 Apr 2023,2023 Senior European Championships,qual,"Antalya, Turkey",88.0,4.0,6.0,,11.433,10.0,1,12.0165,2,11.366,1,11.599499999999999,2
kozlovska,marharyta,w,UKR,29 Oct 2022 - 6 Nov 2022,2022 51st FIG Artistic Gymnastics World Championships,qual,"Liverpool, England",117.0,4.7,5.8,,11.3275,10.5,1,11.633,1,11.1495,2,11.7665,2
kanter,mari,w,NOR,29 Oct 2022 - 6 Nov 2022,2022 51st FIG Artistic Gymnastics World Championships,qual,"Liverpool, England",48.0,4.6,7.466,,11.776538461538463,11.549500000000002,4,12.183,4,11.49125,4,12.2,1
mendes,maria,w,POR,11-14 Aug 2022,2022 Senior European Championships,qual,"Munich, Germany",84.0,4.2,6.8,,11.444333333333333,11.0,1,11.7,1,,0,11.633,1
menezes,maria,w,POR,11-16 Apr 2023,2023 Senior European Championships,qual,"Antalya, Turkey",105.0,4.4,4.933,,10.76625,9.333,1,11.433,1,9.466,1,12.833,1
tronrud,maria,w,NOR,29 Oct 2022 - 6 Nov 2022,2022 51st FIG Artistic Gymnastics World Championships,qual,"Liverpool, England",57.0,4.9,6.933,,12.255199999999999,12.574625000000001,8,11.310666666666668,6,12.122000000000002,6,12.6463,10
villegas,maria,w,COL,24-28 Jun 2023,2023 Central American and Caribbean Games,qual,"San Salvador, El Salvador",31.0,4.2,7.0,0.6,11.35,,0,10.6,1,,0,12.1,1
parente,mariana,w,POR,29 Oct 2022 - 6 Nov 2022,2022 51st FIG Artistic Gymnastics World Championships,qual,"Liverpool, England",105.0,4.8,6.166,,11.32413333333333,10.974749999999998,4,11.41625,4,10.89125,4,12.244333333333335,3
roenbeck,marie,w,NOR,11-16 Apr 2023,2023 Senior European Championships,qual,"Antalya, Turkey",63.0,4.8,6.2,,11.7431,11.516499999999999,4,11.84975,4,11.466,1,12.5,1
petrova,marija,w,LAT,11-16 Apr 2023,2023 Senior European Championships,qual,"Antalya, Turkey",114.0,3.6,5.233,,9.8915,8.833,1,11.2,1,7.633,1,11.9,1
boyer,marine,w,FRA,29 Oct 2022 - 6 Nov 2022,2022 51st FIG Artistic Gymnastics World Championships,final,"Liverpool, England",4.0,5.5,7.8,,13.069571428571429,13.344111111111111,9,12.816375,8,12.65,2,13.2665,2
pihan,marta,w,POL,27-30 Apr 2023,World Cup,final,"Cairo, Egypt",7.0,4.4,7.2,,12.0,12.0,2,,0,,0,,0
eisenegger,martina,w,SUI,11-16 Apr 2023,2023 Senior European Championships,qual,"Antalya, Turkey",97.0,4.6,5.2,0.1,10.683,9.7,1,,0,11.666,1,,0
maggio,martina,w,ITA,29 Oct 2022 - 6 Nov 2022,2022 51st FIG Artistic Gymnastics World Championships,AAfinal,"Liverpool, England",7.0,5.4,7.633,,13.486350000000002,13.10442857142857,7,13.733000000000002,6,13.355333333333334,3,13.883,4
staahl,maya,w,SWE,11-16 Apr 2023,2023 Senior European Championships,qual,"Antalya, Turkey",100.0,4.3,5.2,,10.6,9.5,1,11.7,1,,0,,0
zonneveld,maya,w,CAN,29 Jul-2 Aug 2022,BIRMINGHAM 2022 Commonwealth Games,qual,"Birmingham, England",30.0,4.3,6.25,,10.55,,0,,0,10.55,1,,0
bridge,megan,w,GBR,24-27 Mar 2022,2022 British Gymnastics Championships,qual,"Liverpool, England",45.0,4.0,6.05,0.0,9.25,10.05,1,3.05,1,7.75,1,12.7,2
pead,meghan,w,RSA,8-11 Jun 2023,2023 Osijek Challenge Cup,qual,"Osijek, Croatia.",18.0,4.5,6.9,,11.244,11.4,1,11.366,1,10.966,1,,0
amorelli,mei,w,GBR,23-26 Mar 2023,2023 British Gymnastics Championships,qual,"Liverpool, England",22.0,4.2,7.3,0.0,11.125,11.5,1,11.0,1,9.9,1,12.1,1
jesus,melanie,w,FRA,29 Oct 2022 - 6 Nov 2022,2022 51st FIG Artistic Gymnastics World Championships,qual,"Liverpool, England",33.0,5.5,7.033,,13.466249999999999,12.533,1,13.266,1,14.4,1,13.666,1
mesropian,meline,w,ARG,29 Oct 2022 - 6 Nov 2022,2022 51st FIG Artistic Gymnastics World Championships,qual,"Liverpool, England",101.0,4.4,6.566,,11.874499999999998,10.966,1,12.133,1,11.766,1,12.633,1
jauch,meolie,w,GER,17-19 Mar 2023,EnBW DTB Pokal Team Challenge 2023,final,"Stuttgart, Germany",4.0,5.9,7.6,,13.64575,,0,,0,13.64575,4,,0
moore,mercedes,w,GBR,24-27 Mar 2022,2022 British Gymnastics Championships,qual,"Liverpool, England",48.0,4.3,5.6,0.0,12.014285714285716,9.9,1,11.95,1,11.8,1,12.612499999999999,4
kunaver,meta,w,SLO,1-5 Aug 2023,2023 FISU World University Games,qual,"Chengdu, China",41.0,3.7,6.3,,11.002818181818183,9.5665,2,10.7165,2,9.733,2,12.199800000000002,5
evans,mia,w,GBR,24-27 Mar 2022,2022 British Gymnastics Championships,qual,"Liverpool, England",20.0,4.5,6.9,0.0,11.60625,10.975000000000001,2,11.916666666666666,3,11.075,2,13.0,1
perryment,mia,w,GBR,24-27 Mar 2022,2022 British Gymnastics Championships,qual,"Liverpool, England",51.0,4.1,5.7,0.0,11.335,10.975000000000001,2,11.05,2,10.275,2,12.1875,4
lauritsen,michelle,w,DEN,11-14 Aug 2022,2022 Senior European Championships,qual,"Munich, Germany",59.0,4.1,7.533,,11.633,,0,,0,11.633,1,11.633,1
serita,mikako,w,JPN,1-4 Mar 2023,World Cup,final,"Doha, Qatar",3.0,5.6,7.633,,12.824749999999998,,0,,0,13.433,2,12.2165,2
minakovskaya,milana,w,AZE,29 Oct 2022 - 6 Nov 2022,2022 51st FIG Artistic Gymnastics World Championships,qual,"Liverpool, England",147.0,4.4,3.466,,10.294857142857142,8.683,2,11.233,2,10.366,2,11.5,1
leon,milca,w,VEN,29 Oct 2022 - 6 Nov 2022,2022 51st FIG Artistic Gymnastics World Championships,qual,"Liverpool, England",137.0,4.6,5.066,,11.42014285714286,10.316500000000001,4,11.266666666666666,3,12.0415,4,12.216666666666667,3
elpitiya,milka,w,SRI,29 Oct 2022 - 6 Nov 2022,2022 51st FIG Artistic Gymnastics World Championships,qual,"Liverpool, England",143.0,3.1,7.9,4.3,9.775,9.75,1,8.675,2,12.0,1,,0
o,milli,w,GBR,23-26 Mar 2023,2023 British Gymnastics Championships,qual,"Liverpool, England",38.0,4.0,6.05,0.0,11.0375,10.05,1,11.25,1,11.25,1,11.6,1
antila,minea,w,FIN,1-5 Aug 2023,2023 FISU World University Games,qual,"Chengdu, China",25.0,4.4,6.933,,11.287666666666667,11.333,1,,0,10.3,1,12.23,1
bernhard,miriam,w,AUT,8-11 Jun 2023,2023 Osijek Challenge Cup,qual,"Osijek, Croatia.",15.0,4.6,7.066,,11.099499999999999,11.666,1,10.533,1,,0,,0
makovits,mirtill,w,HUN,11-14 Aug 2022,2022 Senior European Championships,qual,"Munich, Germany",65.0,4.5,6.9,,12.237714285714285,11.833,2,11.933,2,13.016,2,12.1,1
antila,misella,w,FIN,23-26 Feb 2023,FIG Apparatus World Cup 2023,qual,"Cottbus, Germany",25.0,4.3,7.366,,10.881833333333333,11.466000000000001,2,10.533000000000001,2,9.433,1,11.86,1
osyssek,morgane,w,FRA,17-19 Mar 2023,EnBW DTB Pokal Team Challenge 2023,qual,"Stuttgart, Germany",6.0,5.4,7.7,,12.177965517241379,12.553,5,12.889375000000001,8,11.516399999999999,5,11.79081818181818,11
awad,nada,w,EGY,27-30 Apr 2023,World Cup,qual,"Cairo, Egypt",25.0,4.4,6.033,,10.377666666666666,10.433,1,9.9,1,10.8,1,,0
nathan,nadine,w,SGP,29 Oct 2022 - 6 Nov 2022,2022 51st FIG Artistic Gymnastics World Championships,qual,"Liverpool, England",113.0,4.7,5.966,,11.547307692307694,10.671999999999999,3,11.449999999999998,3,11.35,3,12.42475,4
yamamoto,nanami,w,JPN,17-19 Mar 2023,EnBW DTB Pokal Team Challenge 2023,qual,"Stuttgart, Germany",6.0,5.4,7.7,,10.34,13.1,1,11.9,1,13.35,1,6.675,2
taman,nancy,w,EGY,29 Oct 2022 - 6 Nov 2022,2022 51st FIG Artistic Gymnastics World Championships,qual,"Liverpool, England",22.0,5.0,8.733,,12.6995,,0,,0,,0,12.6995,10
visser,naomi,w,NED,29 Oct 2022 - 6 Nov 2022,2022 51st FIG Artistic Gymnastics World Championships,AAfinal,"Liverpool, England",18.0,4.8,7.066,,13.204763157894737,12.5093,10,13.469888888888887,9,13.558538461538461,13,13.199666666666666,6
delgado,natalia,w,PUR,24-28 Jun 2023,2023 Central American and Caribbean Games,qual,"San Salvador, El Salvador",13.0,4.5,6.9,,10.45,11.4,1,10.15,1,9.75,1,10.5,1
escalera,natalia,w,MEX,29 Oct 2022 - 6 Nov 2022,2022 51st FIG Artistic Gymnastics World Championships,qual,"Liverpool, England",71.0,5.2,6.4,,12.726937499999998,12.083333333333334,3,13.08325,4,12.404,4,13.086400000000001,5
jensen,natalie,w,DEN,11-16 Apr 2023,2023 Senior European Championships,qual,"Antalya, Turkey",84.0,4.8,5.366,,11.2864,10.166,1,11.4,1,9.733,1,12.566500000000001,2
wolfgang,natalie,w,GER,1-5 Aug 2023,2023 FISU World University Games,qual,"Chengdu, China",27.0,3.8,7.4,,11.10825,11.2,1,10.8,1,10.333,1,12.1,1
westlund,nathalie,w,SWE,29 Oct 2022 - 6 Nov 2022,2022 51st FIG Artistic Gymnastics World Championships,qual,"Liverpool, England",28.0,4.7,7.9,,12.410125,12.033000000000001,4,12.075,4,12.846200000000001,5,12.633000000000001,3
daries,naveen,w,RSA,29 Oct 2022 - 6 Nov 2022,2022 51st FIG Artistic Gymnastics World Championships,qual,"Liverpool, England",114.0,4.8,5.766,,12.171285714285714,10.922000000000002,3,12.4375,4,12.405333333333333,3,12.6665,4
teymurova,nazanin,w,AZE,11-16 Apr 2023,2023 Senior European Championships,qual,"Antalya, Turkey",96.0,4.7,5.133,0.1,11.61363157894737,11.47425,8,12.057181818181817,11,9.944,3,11.6914375,16
savranbasi,nazli,w,TUR,11-14 Aug 2022,2022 Senior European Championships,qual,"Munich, Germany",93.0,5.0,5.333,,10.333,,0,,0,10.333,1,,0
pham,nhu,w,VIE,27-30 Apr 2023,World Cup,qual,"Cairo, Egypt",33.0,4.2,5.433,,9.633,9.633,1,,0,,0,,0
diaz,nicole,w,PUR,29 Oct 2022 - 6 Nov 2022,2022 51st FIG Artistic Gymnastics World Championships,qual,"Liverpool, England",131.0,4.9,5.266,0.1,11.26625,10.066,1,11.833,1,10.766,1,12.4,1
kukuljan,nika,w,CRO,29 Oct 2022 - 6 Nov 2022,2022 51st FIG Artistic Gymnastics World Championships,qual,"Liverpool, England",140.0,4.5,5.166,0.1,10.854000000000001,10.665999999999999,3,10.455,3,10.433,2,11.721666666666666,3
stoimenova,nikol,w,BUL,11-16 Apr 2023,2023 Senior European Championships,qual,"Antalya, Turkey",51.0,4.4,6.866,,11.088083333333332,11.547999999999998,4,11.0665,2,10.288666666666666,3,11.288666666666666,3
szilagyi,nikolett,w,HUN,29 Oct 2022 - 6 Nov 2022,2022 51st FIG Artistic Gymnastics World Championships,qual,"Liverpool, England",44.0,5.1,7.033,,12.066307692307694,11.707999999999998,4,12.144,3,11.633,1,12.393,5
derwael,nina,w,BEL,29 Oct 2022 - 6 Nov 2022,2022 51st FIG Artistic Gymnastics World Championships,qual,"Liverpool, England",29.0,5.4,7.166,,13.988666666666665,12.566,1,,0,14.7,2,,0
sabic,nina,w,SRB,11-16 Apr 2023,2023 Senior European Championships,qual,"Antalya, Turkey",107.0,3.6,5.666,,11.336666666666666,9.266,1,10.533,1,9.933,1,12.049666666666667,6
matyolo,nkazimlo,w,RSA,1-4 Jun 2023,2023 Tel Aviv Challenge Cup,qual,"Tel Aviv, Israel",20.0,4.1,6.4,0.5,7.222333333333334,,0,10.0,1,,0,5.8335,2
louon,noemie,w,BEL,11-14 Aug 2022,2022 Senior European Championships,qual,"Munich, Germany",13.0,4.8,8.133,,12.84975,12.883,2,,0,12.933,1,12.7,1
shalit,noga,w,ISR,11-14 Aug 2022,2022 Senior European Championships,qual,"Munich, Germany",90.0,4.7,5.766,,11.410666666666666,10.466,1,11.5,1,,0,12.266,1
matthews,nola,w,USA,17-19 Mar 2023,EnBW DTB Pokal Team Challenge 2023,qual,"Stuttgart, Germany",4.0,5.2,8.0,,10.57,13.2,1,12.9,1,13.65,1,6.55,2
netzer,ofir,w,ISR,29 Oct 2022 - 6 Nov 2022,2022 51st FIG Artistic Gymnastics World Championships,qual,"Liverpool, England",141.0,4.2,5.0,,11.760272727272728,9.2165,2,11.783000000000001,2,11.732999999999999,3,13.04125,4
chusovitina,oksana,w,UZB,23-26 Feb 2023,FIG Apparatus World Cup 2023,final,"Cottbus, Germany",3.0,4.4,8.566,0.1,12.51305,11.333,1,11.3,1,10.599499999999999,2,12.901812499999998,16
cham,olivia,w,GBR,24-27 Mar 2022,2022 British Gymnastics Championships,qual,"Liverpool, England",11.0,4.6,7.2,0.0,11.2375,11.8,1,11.9,1,8.75,1,12.5,1
kelly,olivia,w,BAR,29 Oct 2022 - 6 Nov 2022,2022 51st FIG Artistic Gymnastics World Championships,qual,"Liverpool, England",93.0,4.9,6.233,,11.683,11.133,1,12.5,1,10.033,1,13.066,1
vaettoe,olivia,w,FIN,11-16 Apr 2023,2023 Senior European Championships,qual,"Antalya, Turkey",82.0,4.7,5.533,,10.658000000000001,10.233,1,11.766,1,7.933,1,12.7,1
khalilova,ominakhon,w,UZB,29 Oct 2022 - 6 Nov 2022,2022 51st FIG Artistic Gymnastics World Championships,qual,"Liverpool, England",130.0,4.5,5.6,,10.7415,10.1,1,11.866,1,9.4,1,11.6,1
achampong,ondine,w,GBR,29 Oct 2022 - 6 Nov 2022,2022 51st FIG Artistic Gymnastics World Championships,qual,"Liverpool, England",15.0,5.7,7.266,,13.323052631578948,13.340083333333334,12,12.860888888888887,9,13.1732,10,14.102142857142857,7
moroney,paige,w,GBR,24-27 Mar 2022,2022 British Gymnastics Championships,qual,"Liverpool, England",24.0,4.3,6.9,0.0,11.35,11.2,1,12.0,1,10.6,1,11.6,1
mintcheva,paloma,w,BUL,11-16 Apr 2023,2023 Senior European Championships,qual,"Antalya, Turkey",104.0,4.3,5.133,0.1,11.84125,9.333,1,12.566,1,12.566,1,12.9,1
ruano,paola,w,ESA,24-28 Jun 2023,2023 Central American and Caribbean Games,AAfinal,"San Salvador, El Salvador",4.0,4.5,7.45,,11.54375,11.524999999999999,2,11.425,2,11.05,2,12.175,2
makovickova,patricie,w,CZE,1-4 Mar 2023,World Cup,qual,"Doha, Qatar",34.0,5.0,5.633,,12.01490909090909,10.633,1,10.8,2,,0,12.491375,8
raya,paula,w,ESP,29 Oct 2022 - 6 Nov 2022,2022 51st FIG Artistic Gymnastics World Championships,qual,"Liverpool, England",98.0,4.6,6.433,,12.016166666666665,11.033,1,12.566,1,11.910666666666666,3,12.766,1
campos,paulina,w,MEX,29 Oct 2022 - 6 Nov 2022,2022 51st FIG Artistic Gymnastics World Championships,qual,"Liverpool, England",96.0,4.6,6.466,,12.395,12.005333333333335,3,12.033,1,12.905333333333333,3,,0
schaefer,pauline,w,GER,11-14 Aug 2022,2022 Senior European Championships,final,"Munich, Germany",5.0,5.1,8.2,0.1,13.0596,13.366333333333335,3,12.599499999999999,2,,0,,0
furac,petra,w,CRO,29 Oct 2022 - 6 Nov 2022,2022 51st FIG Artistic Gymnastics World Championships,qual,"Liverpool, England",129.0,3.8,6.4,0.1,11.037125,10.533,2,10.7165,2,10.666,2,12.233,2
lai,pin,w,TPE,1-5 Aug 2023,2023 FISH World University Games,AAfinal,"Chengdu, China",15.0,4.9,6.2,,11.719652173913044,11.266285714285715,7,12.139599999999998,5,11.488666666666665,6,12.211599999999999,5
stickler,poppy,w,GBR,24-27 Mar 2022,2022 British Gymnastics Championships,qual,"Liverpool, England",13.0,4.6,7.1,0.0,12.435617647058823,12.262374999999999,8,12.853200000000001,10,11.626,7,12.755333333333333,9
woodhead,poppy,w,GBR,23-26 Mar 2023,2023 British Gymnastics Championships,qual,"Liverpool, England",41.0,4.1,5.6,0.1,10.7,9.6,1,10.9,1,9.65,1,12.65,1
nayak,pranati,w,IND,29 Oct 2022 - 6 Nov 2022,2022 51st FIG Artistic Gymnastics World Championships,qual,"Liverpool, England",79.0,4.4,8.4,,11.359428571428571,11.0,1,9.65,1,9.25,1,12.404,4
samanta,protistha,w,IND,29 Oct 2022 - 6 Nov 2022,2022 51st FIG Artistic Gymnastics World Championships,qual,"Liverpool, England",111.0,4.0,8.333,,12.011000000000001,,0,,0,,0,12.011000000000001,3
qiu,qiyuan,w,CHN,9-12 Mar 2023,World Cup,qual,"Baku, Azerbaijan",10.0,5.3,7.4,,13.437714285714287,12.732999999999999,3,,0,13.96625,4,,0
rodriguez,rachel,w,CRC,24-28 Jun 2023,2023 Central American and Caribbean Games,AAfinal,"San Salvador, El Salvador",8.0,4.5,6.9,,11.6875,11.225000000000001,2,11.175,2,12.125,2,12.225,2
kalamarova,radoslava,w,SVK,11-14 Aug 2022,2022 Senior European Championships,qual,"Munich, Germany",81.0,4.5,6.566,,10.4495,11.066,1,11.066,1,8.133,1,11.533,1
andrade,rebeca,w,BRA,29 Oct 2022 - 6 Nov 2022,2022 51st FIG Artistic Gymnastics World Championships,AAfinal,"Liverpool, England",3.0,6.0,7.533,,13.74691666666667,13.222,3,14.110999999999999,3,13.755333333333335,3,13.899333333333333,3
downie,rebecca,w,GBR,24-27 Mar 2022,2022 British Gymnastics Championships,qual,"Liverpool, England",9.0,5.0,6.95,0.0,13.444333333333333,12.45,2,12.5,1,14.1598,5,12.8,1
cobb,reece,w,NZL,29 Oct 2022 - 6 Nov 2022,2022 51st FIG Artistic Gymnastics World Championships,qual,"Liverpool, England",133.0,5.1,4.933,0.1,11.374500000000001,9.933,1,11.666,1,11.833,1,12.066,1
irfanaluthfi,rifda,w,INA,29 Oct 2022 - 6 Nov 2022,2022 51st FIG Artistic Gymnastics World Championships,qual,"Liverpool, England",134.0,4.4,5.433,,12.408421052631578,11.222,3,12.54975,4,11.966333333333333,3,12.888444444444444,9
sedhane,rihab,w,ALG,27-30 Apr 2023,World Cup,qual,"Cairo, Egypt",31.0,3.4,7.0,,10.4,,0,,0,10.4,1,,0
saucedo,rocio,w,ARG,29 Oct 2022 - 6 Nov 2022,2022 51st FIG Artistic Gymnastics World Championships,qual,"Liverpool, England",58.0,5.0,6.833,,12.34975,11.833,1,12.633,1,12.133,1,12.8,1
brown,romi,w,AUS,29 Oct 2022 - 6 Nov 2022,2022 51st FIG Artistic Gymnastics World Championships,AAfinal,"Liverpool, England",23.0,4.7,6.5,,12.608615384615385,12.022,3,12.1705,4,13.208,4,13.166,2
ojala,rosanna,w,FIN,25-28 May 2023,2023 Varna World Challenge Cup Results,qual,"Varna, Bulgaria",15.0,4.5,6.366,0.0,9.9495,,0,,0,9.9495,2,,0
aldaoud,ruba,w,JOR,27-30 Apr 2023,World Cup,qual,"Cairo, Egypt",23.0,3.2,8.6,,10.983,,0,,0,,0,10.983,2
evan,ruby,w,GBR,23-26 Feb 2023,FIG Apparatus World Cup 2023,final,"Cottbus, Germany",6.0,4.8,8.233,,13.099777777777778,12.933,2,13.483,2,12.3,1,13.1915,4
evans,ruby,w,GBR,23-26 Mar 2023,2023 British Gymnastics Championships,qual,"Liverpool, England",11.0,4.8,7.25,0.0,12.78125,12.05,1,12.725,2,12.25,1,13.125,4
pass,ruby,w,AUS,9-12 Mar 2023,World Cup,final,"Baku, Azerbaijan",8.0,4.7,6.366,,12.5363,12.133000000000001,3,12.51625,4,12.966333333333333,3,,0
stacey,ruby,w,GBR,23-26 Mar 2023,2023 British Gymnastics Championships,qual,"Liverpool, England",11.0,5.0,7.25,0.0,12.2314,12.3,1,12.2995,2,11.4915,2,12.4864,5
luo,rui,w,CHN,29 Oct 2022 - 6 Nov 2022,2022 51st FIG Artistic Gymnastics World Championships,qual,"Liverpool, England",109.0,5.5,5.366,0.1,13.155333333333333,10.766,1,,0,14.350000000000001,2,,0
nataraj,ruthuja,w,IND,"29 Jul-2 Aug, 2023",BIRMINGHAM 2022 Commonwealth Games,AAfinal,"Birmingham, England",18.0,4.3,5.95,,10.992857142857144,10.8,2,10.225000000000001,2,10.975,2,12.95,1
kokko,saara,w,FIN,1-5 Aug 2023,2023 FISU World University Games,qual,"Chengdu, China",42.0,4.3,6.366,0.3,10.7994,9.733,1,11.166,2,9.966,1,11.966,1
halova,sabina,w,CZE,27-30 Apr 2023,World Cup,qual,"Cairo, Egypt",13.0,4.0,7.566,,11.249500000000001,11.566,1,,0,10.933,1,,0
cardero,sabrina,w,CUB,24-28 Jun 2023,2023 Central American and Caribbean Games,qual,"San Salvador, El Salvador",35.0,4.1,3.3,,9.55,7.4,1,9.85,1,8.65,1,12.3,1
maneca,sabrina,w,ROU,11-16 Apr 2023,2023 Senior European Championships,qual,"Antalya, Turkey",79.0,5.1,5.3,0.1,12.630875,12.344000000000001,3,13.533,4,10.783,2,12.766285714285717,7
bailey,sacha,w,GBR,24-27 Mar 2022,2022 British Gymnastics Championships,qual,"Liverpool, England",35.0,4.6,6.0,0.0,10.89,10.6,2,10.725,2,9.825,2,11.65,4
gahramanova,samira,w,AZE,29 Oct 2022 - 6 Nov 2022,2022 51st FIG Artistic Gymnastics World Championships,qual,"Liverpool, England",135.0,4.2,5.6,,10.4697,10.262777777777778,9,10.510833333333332,6,7.366,1,11.6495,4
maekelae,sani,w,FIN,29 Oct 2022 - 6 Nov 2022,2022 51st FIG Artistic Gymnastics World Championships,qual,"Liverpool, England",122.0,4.3,6.066,,11.814999999999998,10.910666666666666,3,11.983,2,11.299666666666667,3,12.5996,5
veerman,sanna,w,NED,29 Oct 2022 - 6 Nov 2022,2022 51st FIG Artistic Gymnastics World Championships,final,"Liverpool, England",5.0,6.2,7.966,,12.401526315789473,11.733,2,11.855333333333334,3,13.771999999999998,9,10.5298,5
wevers,sanne,w,NED,11-16 Apr 2023,2023 Senior European Championships,final,"Antalya, Turkey",1.0,5.8,8.0,,13.6165,13.6165,2,,0,,0,,0
jacobsen,sara,w,DEN,11-16 Apr 2023,2023 Senior European Championships,qual,"Antalya, Turkey",107.0,3.6,5.666,,10.674500000000002,9.266,1,11.166,1,9.6,1,12.666,1
king,sara,w,SLO,11-14 Aug 2022,2022 Senior European Championships,qual,"Munich, Germany",95.0,3.5,6.7,,11.1461,10.955333333333334,3,11.477333333333334,3,10.711,3,12.03,1
loikas,sara,w,FIN,25-28 May 2023,2023 Varna World Challenge Cup Results,qual,"Varna, Bulgaria",18.0,4.6,7.033,0.0,11.040875,11.6995,2,10.4165,2,10.099499999999999,2,11.948,2
sulekic,sara,w,CRO,11-14 Aug 2022,2022 Senior European Championships,qual,"Munich, Germany",101.0,4.4,5.5,0.1,10.923,9.483,2,11.533,2,11.033,4,11.533000000000001,2
surmanova,sara,w,SVK,11-14 Aug 2022,2022 Senior European Championships,qual,"Munich, Germany",109.0,4.2,5.233,,10.840444444444445,10.466333333333333,3,11.483,2,9.883,2,11.7165,2
voss,sarah,w,GER,11-14 Aug 2022,2022 Senior European Championships,qual,"Munich, Germany",33.0,5.1,7.166,,12.644133333333333,12.349499999999999,4,11.808,4,12.788666666666666,3,13.6665,4
mueangphuan,sasiwimon,w,THA,29 Oct 2022 - 6 Nov 2022,2022 51st FIG Artistic Gymnastics World Championships,qual,"Liverpool, England",87.0,4.5,6.766,,11.224749999999998,11.266,1,12.033,1,10.2,1,11.4,1
kickinger,selina,w,AUT,29 Oct 2022 - 6 Nov 2022,2022 51st FIG Artistic Gymnastics World Championships,qual,"Liverpool, England",55.0,4.6,7.333,,12.32675,11.974499999999999,4,11.81625,4,12.5415,4,12.97475,4
halvorsen,selma,w,NOR,29 Oct 2022 - 6 Nov 2022,2022 51st FIG Artistic Gymnastics World Championships,qual,"Liverpool, England",140.0,4.0,6.1,,11.31088888888889,9.9,1,10.6665,2,11.366499999999998,2,11.957999999999998,4
kim,seohyeon,w,KOR,1-5 Aug 2023,2023 FISU World University Games,qual,"Chengdu, China",40.0,4.4,5.633,,11.985,10.033,1,11.666,1,,0,12.741999999999999,3
yeo,seojeong,w,KOR,29 Oct 2022 - 6 Nov 2022,2022 51st FIG Artistic Gymnastics World Championships,qual,"Liverpool, England",37.0,5.4,7.066,,13.5262,12.466,1,12.633,1,,0,14.177333333333332,3
kayisoglu,sevgi,w,TUR,29 Oct 2022 - 6 Nov 2022,2022 51st FIG Artistic Gymnastics World Championships,qual,"Liverpool, England",65.0,5.1,6.6,,11.9377,11.5184,5,12.149833333333333,6,12.049666666666665,6,11.988333333333335,3
van,shade,w,NED,11-14 Aug 2022,2022 Senior European Championships,qual,"Munich, Germany",86.0,4.9,6.066,,11.766,10.966,1,12.566,1,,0,,0
poh,shandy,w,SGP,29 Jul-2 Aug 2022,BIRMINGHAM 2022 Commonwealth Games,qual,"Birmingham, England",35.0,4.0,5.2,,9.816666666666666,9.2,1,10.3,1,9.95,1,,0
grant,shanna,w,GBR,24-27 Mar 2022,2022 British Gymnastics Championships,qual,"Liverpool, England",15.0,4.0,7.55,0.0,12.22777777777778,11.575,2,12.699999999999998,3,11.9,2,12.5,2
archer,shannon,w,GBR,24-27 Mar 2022,2022 British Gymnastics Championships,final,"Liverpool, England",8.0,5.2,5.1,0.0,12.432421052631579,11.8625,4,12.362499999999999,4,11.9165,4,13.092857142857142,7
baker,shannon,w,GBR,24-27 Mar 2022,2022 British Gymnastics Championships,qual,"Liverpool, England",40.0,4.0,6.3,0.0,11.256250000000001,10.975000000000001,2,11.7,2,10.2,2,12.149999999999999,2
koti,shante,w,RSA,29 Jul-2 Aug 2022,BIRMINGHAM 2022 Commonwealth Games,final,"Birmingham, England",8.0,4.6,5.766,,11.405333333333333,11.233,2,11.75,1,,0,,0
koti,shanté,w,RSA,1-4 Jun 2023,2023 Tel Aviv Challenge Cup,qual,"Tel Aviv, Israel",22.0,3.8,5.633,,10.633,9.333,1,11.933,1,,0,,0
petit,sheyen,w,FRA,17-19 Mar 2023,EnBW DTB Pokal Team Challenge 2023,qual,"Stuttgart, Germany",17.0,5.2,7.4,0.1,9.475000000000001,12.5,1,,0,13.1,1,6.15,2
jones,shilese,w,USA,29 Oct 2022 - 6 Nov 2022,2022 51st FIG Artistic Gymnastics World Championships,AAfinal,"Liverpool, England",5.0,5.2,7.9,,13.992333333333333,13.149999999999999,2,13.75,2,14.566,3,14.2165,2
sonezaki,shizuku,w,JPN,1-4 Mar 2023,World Cup,qual,"Doha, Qatar",11.0,4.4,7.533,0.1,12.222,,0,11.833,1,,0,12.4165,2
miyata,shoko,w,JPN,29 Oct 2022 - 6 Nov 2022,2022 51st FIG Artistic Gymnastics World Championships,AAfinal,"Liverpool, England",8.0,5.7,7.266,,13.473521739130435,13.510833333333332,6,13.4458,5,12.69125,4,13.854,8
hamidi,sihem,w,ALG,27-30 Apr 2023,World Cup,qual,"Cairo, Egypt",35.0,3.7,5.833,,11.244,9.533,1,,0,,0,12.099499999999999,2
mielle,silane,w,FRA,11-16 Apr 2023,2023 Senior European Championships,qual,"Antalya, Turkey",49.0,4.9,6.5,,12.381222222222222,11.822000000000001,3,12.849749999999998,4,12.283000000000001,2,,0
sfiringu,silviana,w,ROU,11-14 Aug 2022,2022 Senior European Championships,qual,"Munich, Germany",23.0,5.0,7.533,,11.6495,12.533,1,10.066,1,11.133,1,12.866,1
wu,sing,w,TPE,1-5 Aug 2023,2023 FISU World University Games,final,"Chengdu, China",8.0,4.7,6.8,0.1,11.636875,12.033000000000001,2,11.266,1,8.133,1,12.407499999999999,4
macias,sira,w,ARG,29 Oct 2022 - 6 Nov 2022,2022 51st FIG Artistic Gymnastics World Championships,qual,"Liverpool, England",96.0,4.5,7.533,,12.510666666666665,,0,12.033,1,12.733,1,12.766,1
du,siyu,w,CHN,1-5 Aug 2023,2023 FISU World University Games,qual,"Chengdu, China",16.0,4.1,7.933,,13.333,,0,12.033,1,14.099499999999999,2,13.1,1
blakely,skye,w,USA,29 Oct 2022 - 6 Nov 2022,2022 51st FIG Artistic Gymnastics World Championships,final,"Liverpool, England",5.0,6.2,7.1,,13.299750000000001,13.5165,2,13.6,1,12.566,1,,0
micallef,sofia,w,GBR,24-27 Mar 2022,2022 British Gymnastics Championships,qual,"Liverpool, England",17.0,4.4,7.1,0.0,12.30625,11.9375,4,12.050000000000002,3,12.0,3,12.833333333333334,6
saporita,sofia,w,GBR,24-27 Mar 2022,2022 British Gymnastics Championships,qual,"Liverpool, England",19.0,4.7,6.75,0.0,10.4875,11.45,1,9.3,1,9.6,1,11.6,1
shin,solyi,w,KOR,29 Oct 2022 - 6 Nov 2022,2022 51st FIG Artistic Gymnastics World Championships,qual,"Liverpool, England",55.0,5.0,7.8,,12.8,,0,,0,12.8,1,,0
artamonova,sona,w,CZE,11-16 Apr 2023,2023 Senior European Championships,qual,"Antalya, Turkey",22.0,4.8,7.3,,12.055166666666665,12.383,2,11.849499999999999,2,11.566,1,12.3,1
o,sophie,w,GBR,23-26 Mar 2023,2023 British Gymnastics Championships,qual,"Liverpool, England",20.0,4.7,7.1,0.0,11.8,,0,,0,11.8,1,,0
scheder,sophie,w,GER,1-5 Aug 2023,2023 FISU World University Games,qual,"Chengdu, China",43.0,4.1,5.233,,12.166333333333332,9.333,1,,0,13.583,2,,0
siegenthaler,stefanie,w,SUI,11-14 Aug 2022,2022 Senior European Championships,qual,"Munich, Germany",119.0,3.4,4.233,,11.3196,7.633,1,11.983,2,12.833,1,12.166,1
diaz,stella,w,PUR,24-28 Jun 2023,2023 Central American and Caribbean Games,AAfinal,"San Salvador, El Salvador",18.0,4.4,6.1,,11.659999999999998,11.25,3,11.2,2,12.016666666666667,3,12.2,2
kim,subeen,w,KOR,1-5 Aug 2023,2023 FISU World University Games,qual,"Chengdu, China",32.0,4.5,6.0,,10.5,,0,,0,10.5,1,,0
barros,sydney,w,PUR,24-28 Jun 2023,2023 Central American and Caribbean Games,qual,"San Salvador, El Salvador",13.0,5.2,6.75,,11.95,,0,11.95,1,,0,,0
turner,sydney,w,CAN,29 Oct 2022 - 6 Nov 2022,2022 51st FIG Artistic Gymnastics World Championships,qual,"Liverpool, England",21.0,5.4,7.466,,11.12275,12.658,2,12.775,2,12.633,2,6.425,2
bessit,tamsyn,w,RSA,1-5 Aug 2023,2023 FISU World University Games,qual,"Chengdu, China",33.0,4.4,6.0,,10.616499999999998,10.4,1,11.466,1,8.9,1,11.7,1
donnelly,tara,w,GBR,24-27 Mar 2022,2022 British Gymnastics Championships,qual,"Liverpool, England",12.0,4.5,7.25,0.0,11.713333333333335,11.233333333333334,3,11.4,3,10.933333333333332,3,12.500000000000002,6
stefanovic,tara,w,SRB,25-28 May 2023,2023 Varna World Challenge Cup Results,qual,"Varna, Bulgaria",30.0,3.5,1.566,0.1,9.778875,4.883,2,10.0165,2,,0,12.108,4
vella,tara,w,MLT,29 Oct 2022 - 6 Nov 2022,2022 51st FIG Artistic Gymnastics World Championships,qual,"Liverpool, England",115.0,4.4,6.133,,10.627846153846152,10.699666666666666,3,10.788666666666666,3,8.677333333333333,3,11.916250000000002,4
bachurina,tatiana,w,CYP,29 Oct 2022 - 6 Nov 2022,2022 51st FIG Artistic Gymnastics World Championships,qual,"Liverpool, England",92.0,4.7,6.433,,11.162066666666668,11.049750000000001,4,10.94575,4,11.10825,4,11.671999999999999,3
belak,teja,w,SLO,29 Oct 2022 - 6 Nov 2022,2022 51st FIG Artistic Gymnastics World Championships,qual,"Liverpool, England",99.0,5.0,7.566,,12.510666666666665,,0,,0,,0,12.510666666666665,3
adalsteinsdottir,thelma,w,ISL,29 Oct 2022 - 6 Nov 2022,2022 51st FIG Artistic Gymnastics World Championships,qual,"Liverpool, England",69.0,4.7,7.0,0.1,11.735750000000001,11.666333333333332,3,11.377333333333333,3,11.666333333333332,3,12.232999999999999,3
korent,tijana,w,CRO,11-14 Aug 2022,2022 Senior European Championships,qual,"Munich, Germany",52.0,4.2,8.533,,12.983,,0,,0,,0,12.983,10
wright,tilly,w,GBR,23-26 Mar 2023,2023 British Gymnastics Championships,final,"Liverpool, England",4.0,4.9,8.05,0.0,12.4,12.675,2,12.25,1,11.9,1,12.5,1
zelcic,tina,w,CRO,11-16 Apr 2023,2023 Senior European Championships,qual,"Antalya, Turkey",61.0,4.6,6.433,,12.160714285714286,12.160714285714286,7,,0,,0,,0
volleman,tisha,w,NED,29 Oct 2022 - 6 Nov 2022,2022 51st FIG Artistic Gymnastics World Championships,AAfinal,"Liverpool, England",15.0,4.6,7.733,,12.369194444444444,11.903875,8,12.864636363636363,11,13.041599999999999,10,11.161857142857142,7
kysselef,tjasa,w,SLO,11-14 Aug 2022,2022 Senior European Championships,qual,"Munich, Germany",26.0,4.6,8.533,,11.3915,9.9165,2,,0,,0,12.866499999999998,2
hendricks,tommera,w,GBR,24-27 Mar 2022,2022 British Gymnastics Championships,final,"Liverpool, England",7.0,4.4,7.4,0.0,11.633333333333333,11.616666666666667,3,11.125,2,10.925,2,12.875,2
paulsson,tonya,w,SWE,29 Oct 2022 - 6 Nov 2022,2022 51st FIG Artistic Gymnastics World Championships,qual,"Liverpool, England",120.0,4.6,5.866,,12.438157894736845,12.0262,5,11.9064,5,12.859399999999999,5,13.091249999999999,4
mattis,tyesha,w,JAM,24-28 Jun 2023,2023 Central American and Caribbean Games,AAfinal,"San Salvador, El Salvador",13.0,5.0,6.0,,11.934999999999999,11.116666666666667,3,10.95,2,12.783333333333333,3,12.875,2
bikinaite,ula,w,LTU,11-14 Aug 2022,2022 Senior European Championships,qual,"Munich, Germany",57.0,4.3,7.333,,10.483,9.849499999999999,2,9.849499999999999,2,9.95,2,12.283000000000001,2
ashikawa,urara,w,JPN,23-26 Feb 2023,FIG Apparatus World Cup 2023,final,"Cottbus, Germany",2.0,5.8,8.266,,13.288333333333332,13.599499999999999,2,12.666,1,,0,,0
brostella,valentina,w,PAN,24-28 Jun 2023,2023 Central American and Caribbean Games,qual,"San Salvador, El Salvador",21.0,4.2,7.35,0.1,10.625,,0,11.45,1,9.8,1,,0
georgieva,valentina,w,BUL,11-14 Aug 2022,2022 Senior European Championships,qual,"Munich, Germany",83.0,5.1,5.933,,11.8396,11.033,1,11.033,1,10.266,1,13.433,2
arraiz,valeria,w,VEN,24-28 Jun 2023,2023 Central American and Caribbean Games,qual,"San Salvador, El Salvador",9.0,4.2,7.35,,11.580000000000002,11.55,1,12.0,1,9.8,1,12.274999999999999,2
osipova,valeriia,w,UKR,29 Oct 2022 - 6 Nov 2022,2022 51st FIG Artistic Gymnastics World Championships,qual,"Liverpool, England",72.0,4.7,6.866,,12.06625,11.483,2,12.266,2,11.5665,2,12.9495,2
ratobilska,valerija,w,LAT,11-16 Apr 2023,2023 Senior European Championships,qual,"Antalya, Turkey",69.0,4.9,5.966,,11.035,10.266,5,11.253,5,10.233,1,11.746399999999998,5
kyrlidou,vasiliki,w,GRE,27-30 Apr 2023,World Cup,qual,"Cairo, Egypt",38.0,4.7,3.433,0.1,9.233,8.033,1,10.433,1,,0,,0
millousi,vasiliki,w,GRE,11-16 Apr 2023,2023 Senior European Championships,qual,"Antalya, Turkey",31.0,5.1,6.8,,11.37475,11.5,2,,0,11.2495,2,,0
van,vera,w,NED,11-14 Aug 2022,2022 Senior European Championships,qual,"Munich, Germany",25.0,4.9,7.6,,11.96025,12.079,4,12.479,4,13.038666666666666,3,10.8032,5
mandriota,veronica,w,ITA,29 Oct 2022 - 6 Nov 2022,2022 51st FIG Artistic Gymnastics World Championships,qual,"Liverpool, England",34.0,4.8,8.133,,13.3165,,0,12.933,1,,0,13.7,1
kritski,veronika,w,GBR,24-27 Mar 2022,2022 British Gymnastics Championships,qual,"Liverpool, England",43.0,4.2,6.0,0.0,12.012499999999998,10.649999999999999,2,11.725,2,11.55,2,12.716666666666667,6
martinez,victor,w,VEN,24-28 Jun 2023,2023 Central American and Caribbean Games,qual,"San Salvador, El Salvador",13.0,3.4,8.45,,11.85,,0,,0,,0,11.85,1
nieminen,viivi,w,FIN,23-26 Feb 2023,FIG Apparatus World Cup 2023,qual,"Cottbus, Germany",13.0,4.4,7.3,,11.223714285714284,7.933,1,11.0,1,10.4,1,12.30825,4
pierazzini,viola,w,ITA,9-12 Mar 2023,World Cup,final,"Baku, Azerbaijan",5.0,5.5,7.133,,12.321666666666665,12.7495,2,11.466,1,,0,,0
manser,violet,w,GBR,24-27 Mar 2022,2022 British Gymnastics Championships,qual,"Liverpool, England",63.0,4.4,4.25,0.0,9.783333333333333,8.65,1,10.1,1,,0,10.6,1
angel,wong,w,HKG,1-4 Jun 2023,2023 Tel Aviv Challenge Cup,qual,"Tel Aviv, Israel",12.0,4.5,6.9,0.1,11.3,11.3,1,,0,,0,,0
wei,xiaoyuan,w,CHN,29 Oct 2022 - 6 Nov 2022,2022 51st FIG Artistic Gymnastics World Championships,qual,"Liverpool, England",47.0,5.0,7.733,,13.4885,12.566,1,12.733,1,14.244,3,12.9,1
tang,xijing,w,CHN,29 Oct 2022 - 6 Nov 2022,2022 51st FIG Artistic Gymnastics World Championships,qual,"Liverpool, England",38.0,5.7,6.766,,13.21625,12.466,1,13.066,1,14.333,1,13.0,1
pena,yamilet,w,DOM,24-28 Jun 2023,2023 Central American and Caribbean Games,qual,"San Salvador, El Salvador",26.0,4.5,5.75,,11.833333333333334,10.25,1,10.75,1,9.15,1,13.616666666666667,3
hubareva,yelyzaveta,w,UKR,29 Oct 2022 - 6 Nov 2022,2022 51st FIG Artistic Gymnastics World Championships,qual,"Liverpool, England",57.0,5.2,7.566,,12.34965,11.747428571428571,7,11.566,1,12.789600000000002,10,12.6495,2
huang,yi,w,TPE,29 Oct 2022 - 6 Nov 2022,2022 51st FIG Artistic Gymnastics World Championships,qual,"Liverpool, England",76.0,4.4,7.133,,11.383,11.533,1,11.233,1,,0,,0
lin,yi,w,TPE,1-5 Aug 2023,2023 FISU World University Games,qual,"Chengdu, China",15.0,5.3,6.566,,11.8516,11.866,1,11.133,1,11.533,1,12.363,2
valenzuela,yiseth,w,COL,24-28 Jun 2023,2023 Central American and Caribbean Games,AAfinal,"San Salvador, El Salvador",7.0,4.6,7.05,,11.95,11.025,2,12.300000000000002,3,11.325,2,12.4625,4
tollet,ylea,w,BEL,29 Oct 2022 - 6 Nov 2022,2022 51st FIG Artistic Gymnastics World Championships,qual,"Liverpool, England",74.0,4.4,7.866,,12.3798,11.167,1,12.633000000000001,3,,0,12.833,1
cheong,yuet,w,SGP,29 Jul-2 Aug 2022,BIRMINGHAM 2022 Commonwealth Games,qual,"Birmingham, England",34.0,2.8,6.7,,9.5,,0,,0,9.5,1,,0
kasianenko,yuliia,w,UKR,29 Oct 2022 - 6 Nov 2022,2022 51st FIG Artistic Gymnastics World Championships,qual,"Liverpool, England",60.0,5.5,6.333,,12.091375,12.099499999999999,2,12.183,2,11.383,2,12.7,2
lee,yunseo,w,KOR,29 Oct 2022 - 6 Nov 2022,2022 51st FIG Artistic Gymnastics World Championships,AAfinal,"Liverpool, England",9.0,5.2,7.566,,12.895624999999999,12.749500000000001,2,12.85,2,13.133,2,12.850000000000001,2
ou,yushan,w,CHN,29 Oct 2022 - 6 Nov 2022,2022 51st FIG Artistic Gymnastics World Championships,AAfinal,"Liverpool, England",1.0,6.2,7.666,,13.646052631578947,13.915333333333335,6,13.665000000000001,5,13.841249999999999,4,13.02325,4
berkin,zadie,w,GBR,24-27 Mar 2022,2022 British Gymnastics Championships,qual,"Liverpool, England",52.0,4.3,5.45,0.0,9.75,9.75,1,,0,9.75,1,,0
trtnik,zala,w,SLO,29 Oct 2022 - 6 Nov 2022,2022 51st FIG Artistic Gymnastics World Championships,qual,"Liverpool, England",64.0,4.8,6.9,,11.943086956521741,11.916250000000002,8,11.609142857142857,7,12.159600000000001,5,12.433000000000002,3
khalid,zarith,w,MAS,27-30 Apr 2023,World Cup,qual,"Cairo, Egypt",32.0,4.3,5.633,,7.422,9.933,1,,0,12.333,1,0.0,1
sharaf,zeina,w,EGY,29 Oct 2022 - 6 Nov 2022,2022 51st FIG Artistic Gymnastics World Championships,qual,"Liverpool, England",50.0,5.5,6.533,,12.19975,12.033,1,12.0,1,12.0,1,12.766,1
wang,zhi,w,TPE,1-5 Aug 2023,2023 FISU World University Games,qual,"Chengdu, China",37.0,4.0,6.133,,10.133,,0,,0,10.133,1,,0
miller,zoe,w,USA,17-19 Mar 2023,EnBW DTB Pokal Team Challenge 2023,qual,"Stuttgart, Germany",10.0,5.2,7.7,,11.188833333333333,12.9,1,10.85,1,14.741499999999998,2,6.95,2
szekely,zoja,w,HUN,29 Oct 2022 - 6 Nov 2022,2022 51st FIG Artistic Gymnastics World Championships,qual,"Liverpool, England",22.0,5.9,7.866,,12.663857142857145,11.577333333333334,3,12.233,2,13.175714285714287,7,12.933,2
kovacs,zsofia,w,HUN,29 Oct 2022 - 6 Nov 2022,2022 51st FIG Artistic Gymnastics World Championships,final,"Liverpool, England",7.0,5.1,7.633,,12.974642857142857,13.037857142857144,7,12.921833333333334,6,13.909142857142855,7,12.14125,8
